Workbook

Sheet Algorithm Details
B1: +Visual = Improved visual framework | C1: RA: Research Academic | E1: R = Required | J1: L = Limited to certain models | M1: Mech. = Mechanical (H.FoV = 360 deg.)
B2: +LiDAR = Improved LiDAR framework | C2: C: Comercial | E2: O = Optional | J2: N/S = Not Specified | M2: SSL = Solid State LiDAR (H.FoV < 360 deg.) | Y2: Year < 2019
E3: S = Supported | M3: Both = both types are supported
E4: Sensor type | X4: Last activity | AC4: Additional notes:
A5: SLAM Algorithm | B5: ROS | C5: FOSS | D5: Visual-LiDAR Fusion type | E5: LiDAR | F5: Visual | G5: IMU | H5: GPS | I5: Additional Odometry sources | J5: LiDAR Type & FoV | K5: LiDAR Dimensionality | L5: fish-eye | M5: Mono | N5: Stereo | O5: (depth) RGB-D | P5: IMU axis | Q5: Re-localization | R5: Pure localization | S5: Loop-Closure | T5: Map features/ descriptors/ segmentation | U5: Resources for navigation | V5: Computational resource information (system used by the authors, not a system requirement) | W5: Documentation | X5: (years) | Y5: (Date) | Z5: Docker | AA5: Evaluated with well known public datasets | AB5: Paper (DOI)
A6: ORB-SLAM | B6: ROS1 EOL (Fuerte, Groovy, Hydro) | C6: RA: GPL v3 C: undisclosed | D6: - | E6: - | F6: R | G6: - | H6: - | I6: - | J6: - | K6: - | L6: - | M6: S | N6: - | O6: - | P6: - | Q6: S | S6: S | T6: ORB | V6: uses 3 threads | W6: github | X6: =YEAR(TODAY())-YEAR(Y6) -> 10 | Y6: 42718 | Z6: - | AA6: + | AB6: 10.1109/TRO.2015.2463671
A7: ORB-SLAM2 | B7: ROS1 EOL (Hydro) | C7: RA: GPL v3 C: undisclosed | D7: - | E7: - | F7: R | G7: - | H7: - | I7: - | J7: - | K7: - | L7: - | M7: S | N7: S | O7: S | P7: - | Q7: S | R7: S | S7: S | T7: ORB | V7: Uses 4 threads | W7: github | X7: =YEAR(TODAY())-YEAR(Y7) -> 9 | Y7: 43019 | Z7: - | AA7: + | AB7: 10.1109/TRO.2017.2705103 | AC7: Does not require GPU
A8: MapLab 2.0 | B8: ROS1 (Melodic) | C8: Apache 2.0 | E8: O | F8: R | G8: R | H8: O | K8: 3D | M8: S | N8: S | P8: 6-axis | R8: S | S8: S | W8: website, github | X8: =YEAR(TODAY())-YEAR(Y8) -> 3 | Y8: 45095 | Z8: - | AA8: + | AB8: 10.1109/LRA.2018.2800113 10.1109/LRA.2022.3227865 | AC8: Multi-robot mapping
A9: LDSO | B9: - | C9: GPL v3 | D9: - | E9: - | F9: R | G9: - | H9: - | I9: - | J9: =E9 -> - | K9: =J9 -> - | L9: - | M9: S | N9: - | O9: - | P9: - | R9: - | S9: S | T9: DSO | V9: Can run in real time with i7-4770HQ CPU and 16GB RAM | W9: github | X9: =YEAR(TODAY())-YEAR(Y9) -> 6 | Y9: 43966 | Z9: - | AA9: + | AB9: 10.1109/IROS.2018.8593376
A10: VINS-Mono | B10: ROS1 (kinetic) | C10: GPL v3 | D10: - | E10: - | F10: R | G10: R | H10: - | I10: - | J10: =E10 -> - | K10: =J10 -> - | L10: - | M10: S | N10: - | O10: - | P10: 6-axis | Q10: S | R10: - | S10: S | T10: KLT sparse optical flow algorithm | U10: map-merging | V10: Can run in real time with i7-4790 CPU@3.6GHz | W10: github | X10: =YEAR(TODAY())-YEAR(Y10) -> 7 | Y10: 43537 | Z10: + | AA10: + | AB10: 10.1109/TRO.2018.2853729
A11: VINS-Fusion | B11: ROS1 (kinetic, Melodic) | C11: GPL v3 | D11: - | E11: - | F11: R | G11: O | H11: O | I11: - | J11: =E11 -> - | K11: =J11 -> - | L11: S | M11: S | N11: S | O11: - | P11: ?-axis | Q11: S | R11: - | S11: S | V11: Can run in real time with i7-4790 CPU@3.6GHz | W11: github | X11: =YEAR(TODAY())-YEAR(Y11) -> 5 | Y11: 44403 | Z11: + | AA11: + | AC11: (extension of VINS-Mono)
A12: OpenVSLAM | B12: ROS1 (Noetic), ROS2 (humble, foxy, galactic) | C12: BSD 2-Clause | D12: - | E12: - | F12: R | G12: - | H12: - | I12: - | J12: =E12 -> - | K12: =J12 -> - | L12: S | M12: S | N12: S | O12: S | P12: - | R12: S | S12: S | T12: FAST (corner detection method) | V12: Can run in real time with i7-7820HK CPU@2.9GHz, 32GB RAM | W12: web-page, github | X12: =YEAR(TODAY())-YEAR(Y12) -> 4 | Y12: 44886 | Z12: + | AA12: + | AB12: 10.1145/3343031.3350539
A13: Basalt | B13: ROS1 (Noetic) | C13: BSD 3-Clause | D13: - | E13: - | F13: R | G13: R | H13: - | I13: - | J13: =E13 -> - | K13: =J13 -> - | L13: - | M13: - | N13: S | O13: - | S13: S | T13: ORB | V13: Can run in real time with Intel E5-1620 CPU (4 cores) | W13: github | X13: =YEAR(TODAY())-YEAR(Y13) -> 3 | Y13: 44951 | Z13: + | AA13: + | AB13: 10.1109/LRA.2019.2961227 | AC13: VIO algorithm
A14: Kimera | B14: ROS1 (Melodic) | C14: BSD 2-Clause "Simplified" | D14: - | E14: - | F14: R | G14: R | H14: - | I14: - | J14: =E14 -> - | K14: =J14 -> - | L14: - | M14: - | N14: S | O14: - | P14: ?-axis | Q14: - | S14: S | U14: Semantic labelling | V14: Uses 4 parallel threads | W14: github | X14: =YEAR(TODAY())-YEAR(Y14) -> 5 | Y14: 44377 | Z14: + | AA14: EuRoC only | AB14: 10.1109/ICRA40945.2020.9196885 | AC14: "produces a 3D metric-semantic mesh from semantically labeled images, which can be obtained by modern deep learning methods."
A15: OpenVINS | B15: ROS1 (Kinetic, Melodic, Noetic), ROS2 (Dashing, Galatic) | C15: GPL v3 | D15: - | E15: - | F15: R | G15: R | H15: - | I15: - | J15: =E15 -> - | K15: =J15 -> - | L15: - | M15: S | N15: S | O15: - | P15: ?-axis | S15: S | W15: web-page, github | X15: =YEAR(TODAY())-YEAR(Y15) -> 3 | Y15: 45097 | Z15: - | AA15: + | AB15: 10.1109/ICRA40945.2020.9196524
A16: ORB-SLAM3 | B16: ROS1 (Melodic, Noetic) | C16: GPL v3 | D16: - | E16: - | F16: R | G16: R | J16: =E16 -> - | K16: =J16 -> - | L16: S | M16: S | N16: S | O16: S | P16: ?axis | Q16: S | R16: S | S16: S | T16: ORB | V16: Can run in real time at 30~40 frames with i7-7700 CPU@3.6GHz 32GB RAM (no GPU) | W16: github | X16: =YEAR(TODAY())-YEAR(Y16) -> 4 | Y16: 44602 | Z16: + | AA16: + | AB16: 10.1109/TRO.2021.3075644
A17: DRE-SLAM | B17: ROS1 (Kinetic) | C17: GPL v3 | D17: - | E17: - | F17: R | G17: - | H17: - | I17: (R) 2 wheel encoder | J17: - | K17: - | L17: - | M17: - | N17: S | O17: S | P17: - | S17: S | T17: ORB | U17: Builds OctoMap, removes dynamic objects pixels from image | V17: Can run in real time with i7-8700 and 16GB RAM (no GPU) | W17: github | X17: =YEAR(TODAY())-YEAR(Y17) -> 7 | Y17: 43542 | Z17: - | AA17: - | AB17: 10.3390/rs11040380 | AC17: Specifically developed to handle dynamic environments. Does not inplement a CNN or DL.
A18: SVO | B18: ROS1 (Groovy, Hydro, Indigo) | C18: + | D18: - | E18: - | F18: R | G18: - | H18: - | I18: - | J18: - | K18: - | L18: S | M18: S | N18: S | O18: - | P18: - | Q18: S | R18: - | S18: - | T18: none | V18: Uses 2 CPU cores. | W18: github | X18: =YEAR(TODAY())-YEAR(Y18) -> 9 | Y18: 42864 | Z18: - | AA18: - | AB18: 10.1109/ICRA.2014.6906584 | AC18: It is designed as a pure visual odometry system (not a full SLAM system).
A19: DSO | B19: ROS1 (Hydro) | C19: + | D19: - | E19: - | F19: R | G19: - | H19: - | I19: - | J19: - | K19: - | L19: S | M19: S | N19: S | O19: - | P19: - | Q19: - | R19: - | S19: - | T19: none (direct VO) | V19: Can run in real time with i7-4910MQ | W19: github | X19: =YEAR(TODAY())-YEAR(Y19) -> 5 | Y19: 44263 | Z19: - | AA19: + | AB19: 10.1109/TPAMI.2017.2658577 | AC19: It is designed as a pure visual odometry system (not a full SLAM system).
A20: DynaSLAM | B20: - | C20: Attribution-NonCommercial 4.0 International | D20: - | E20: - | F20: R | G20: - | H20: - | I20: - | J20: - | K20: - | L20: - | M20: S | N20: S | O20: S | P20: - | Q20: S | S20: S | T20: ORB | U20: dynamic object detection and background inpainting | W20: github | X20: =YEAR(TODAY())-YEAR(Y20) -> 7 | Y20: 43633 | Z20: - | AA20: + | AB20: 10.1109/LRA.2018.2860039 | AC20: VSLAM. Built upon ORB-SLAM2. Can detect moving objects with DL, multiview-geometry or both.
A21: DynSLAM | B21: - | C21: BSD 3-Clause | D21: - | E21: - | F21: R | G21: - | H21: - | I21: - | J21: - | K21: - | L21: - | M21: - | N21: S | O21: - | P21: - | Q21: - | T21: simple blob features , corner features | U21: Implements CNN for semantic segmentation | V21: "Our system is able to run at approximately 2.5Hz on a PC equipped with an nVIDIA GeForce GTX 1080 GPU" | W21: github | X21: =YEAR(TODAY())-YEAR(Y21) -> 5 | Y21: 44469 | Z21: + | AA21: + | AB21: 10.1109/ICRA.2018.8462974 | AC21: https://siegedog.com/dynslam/
A22: RTAB-Map | B22: ROS1 (Noetic), ROS2 (Iron, Humble) | C22: Custom, free to use and modify | D22: +Visual | E22: O | F22: R | G22: - | H22: - | I22: O | J22: N/S | K22: 2D & 3D | L22: - | M22: - | N22: S | O22: S | P22: - | Q22: S | S22: S | T22: (multiple) SURF, SIFT, BRIEF, BRISK, KAZE, DAISY, SuperPoint. | U22: Builds OctoMap | V22: Can run in real time with: i7-9750H CPU, GTX 1650 GPU Multi-core CPU required | W22: web-page, github | X22: =YEAR(TODAY())-YEAR(Y22) -> 3 | Y22: 45207 | Z22: + | AA22: KITTI, EuRoC, TUM RGB-D, MIT Stata | AB22: https://introlab.github.io/rtabmap/ 10.3389/frobt.2022.801886 | AC22: Can use separate camera for obstacle detection.
A23: FAST-LIO2 | B23: ROS1 (Melodic, Noetic) | C23: GPL 2.0 | D23: - | E23: R | F23: - | G23: R | H23: - | I23: - | J23: L | K23: 3D | L23: - | M23: - | N23: - | O23: - | P23: 9-axis | Q23: S | R23: - | S23: S | V23: 0.5 ~ 0.2 Hz, IMU (200 Hz), LiDAR (10 Hz) [1.8GHz i7-8550U with 8GB RAM] [2.2GHz Cortex-A73 and 4GB RAM] | W23: github | X23: =YEAR(TODAY())-YEAR(Y23) -> 3 | Y23: 45211 | Z23: + | AA23: - | AB23: 10.1109/TRO.2022.3141876 | AC23: Uses a dynamic ikd-tree. Can often surpass LIO-SAM in terms of accuracy.
A24: LIO-SAM | B24: ROS1 (Kinetic, Melodic, Noetic), ROS2 (Foxy, Galactic, Humble) | C24: BSD 3-Clause | D24: - | E24: R | F24: - | G24: R | H24: O | I24: - | J24: L | K24: 3D | L24: - | M24: - | N24: - | O24: - | P24: 9-axis | Q24: - | R24: - | S24: S | T24: Planar and edge features from pointcloud | V24: Can run in real-time with i7-10710U CPU | W24: github | X24: =YEAR(TODAY())-YEAR(Y24) -> 4 | Y24: 44749 | Z24: + | AA24: - | AB24: 10.1109/IROS45743.2020.9341176
A25: DV-LOAM | B25: ROS1 (Kinetic, Melodic) | C25: Restricted by ORB-SLAM2 RA: GPLv3 C: undisclosed | D25: Concurrent | E25: R | F25: R | G25: - | H25: - | I25: - | J25: N/S | K25: 3D | L25: - | M25: S | N25: - | O25: - | P25: - | Q25: - | R25: - | S25: S | T25: "same multi-frame photometric optimization as DSO to estimate the poses of the keyframes" | W25: github | X25: =YEAR(TODAY())-YEAR(Y25) -> 5 | Y25: 44533 | AA25: + | AB25: 10.3390/rs13163340 | AC25: "combines a depth-enhanced direct visual odometry module and the LiDAR mapping module into location and mapping. It takes advantage of the efficiency of the direct VO module and the accuracy of LiDAR scan-to-map matching method"
A26: DVL-SLAM | B26: ROS1 (C++11, Lunar and below) | C26: Not specified | D26: +Visual | E26: R | F26: R | G26: - | H26: - | I26: - | J26: Mech. | K26: 3D | L26: - | M26: S | N26: - | O26: - | P26: - | Q26: - | R26: - | S26: S | T26: "same multi-frame photometric optimization as DSO to estimate the poses of the keyframes" | V26: Can run in real-time with i7-7700HQ and 8 GB RAM | W26: github | X26: =YEAR(TODAY())-YEAR(Y26) -> 7 | Y26: 43754 | AA26: - | AB26: 10.1007/s10514-019-09881-0 | AC26: "The key finding of this paper is that the direct method is more robust under sparse depth with narrow field of view"
A27: SDV-LOAM | B27: ROS1 (Ubuntu 16, unknown ROS ver. ) | C27: Not fully open-source | D27: +Visual | E27: R | F27: R | G27: - | H27: - | I27: - | J27: Mech. | K27: 3D | L27: - | M27: S | N27: - | O27: - | P27: - | Q27: - | R27: - | S27: S | W27: github | X27: =YEAR(TODAY())-YEAR(Y27) -> 3 | Y27: 45104 | Z27: - | AA27: KITTI | AB27: 10.1109/TPAMI.2023.3262817
A28: R2LIVE | B28: ROS1 (Kinetic, Melodic) | C28: RA: GPL2 C: undisclosed | D28: Concurrent | E28: R | F28: R | G28: R | H28: - | I28: - | J28: L | K28: 3D | L28: - | M28: S | N28: - | O28: - | P28: 6-axis | Q28: - | R28: - | S28: ? | V28: Can run in real-time at on-board system (i7-8550U, 8 GB RAM) | W28: github | X28: =YEAR(TODAY())-YEAR(Y28) -> 5 | Y28: 44418 | Z28: + | AA28: - | AB28: 10.1109/LRA.2021.3095515 | AC28: "Taking advantage of measurements from all individual sensors, our algorithm is robust enough to various visual failure, LiDAR-degenerated scenarios, and is able to run in real time on an on-board computation platform"
A29: R3LIVE | B29: ROS1 (Kinetic, Noetic) | C29: RA: GPL2 C: undisclosed | D29: Concurrent | E29: R | F29: R | G29: R | J29: L | K29: 3D | M29: S | P29: 6-axis | S29: ? | T29: Pixel colors and LiDAR geometry | V29: Can run in real-time at on-board system (i7-8550U, 8 GB RAM) | W29: github | X29: =YEAR(TODAY())-YEAR(Y29) -> 4 | Y29: 44736 | AA29: - | AB29: 10.1109/ICRA46639.2022.9811935
A30: cuVSLAM | B30: ROS2 (Humble) | C30: Apache 2.0 | D30: - | E30: - | F30: R | G30: O | H30: - | I30: - | J30: - | K30: - | L30: - | M30: - | N30: S | O30: - | P30: ?-axis | S30: S | V30: Can ruun in NVIDIA Jetson | W30: github, website | X30: =YEAR(TODAY())-YEAR(Y30) -> 3 | Y30: 45247 | Z30: - | AA30: - | AB30: doi.org/10.48550/arXiv.2506.04359
A31: DynaVINS | B31: ROS1 (Melodic) | C31: GPL v3 | D31: - | E31: - | F31: R | G31: R | H31: - | I31: - | J31: - | K31: - | L31: - | M31: S | N31: S | O31: - | P31: ?-axis | S31: S | T31: Feature based (feature type not specified) | W31: github | X31: =YEAR(TODAY())-YEAR(Y31) -> 4 | Y31: 44868 | AA31: VIODE | AB31: 10.1109/LRA.2022.3203231
A32: RDS-SLAM | B32: ROS1 (Melodic) | C32: GPL v3 | D32: - | E32: - | F32: R | G32: - | H32: - | I32: - | J32: - | K32: - | L32: - | M32: O | N32: O | O32: - | P32: - | Q32: - | R32: - | S32: S | T32: ORB | V32: GeForce RTX 2080Ti GPU, Cuda 11.1, | W32: github | X32: =YEAR(TODAY())-YEAR(Y32) -> 5 | Y32: 44472 | Z32: + | AA32: TUM RGB-D | AB32: 10.1109/ACCESS.2021.3050617
A33: DS-SLAM | B33: ROS1 (Hydro) | C33: RA: GPL v3 C: undisclosed | D33: - | E33: - | F33: R | G33: - | H33: - | I33: - | J33: - | K33: - | L33: - | M33: S | N33: S | O33: S | P33: - | Q33: S | R33: S | S33: S | T33: ORB | U33: octo-tree map | V33: i7 CPU, P4000 GPU, and 32GB RAM | W33: github | X33: =YEAR(TODAY())-YEAR(Y33) -> 8 | Y33: 43378 | Z33: - | AA33: TUM RGB-D | AB33: 0.1109/IROS.2018.8593691 | AC33: Based on ORB-SLAM2
A34: RS-SLAM | B34: ROS1 (Hydro) | C34: RA: GPL v3 C: undisclosed | D34: =D7 -> - | E34: =E7 -> - | F34: =F7 -> R | G34: =G7 -> - | H34: =H7 -> - | I34: =I7 -> - | J34: =J7 -> - | K34: =K7 -> - | ... S34: =S7 -> S | T34: ORB | U34: OctoMap | V34: i5-7500 CPU, Nvidia GTX 1060 GPU, 16 GB RAM | W34: github | X34: =YEAR(TODAY())-YEAR(Y34) -> 7 | Y34: 43735 | Z34: - | AA34: TUM RGB-D | AB34: 10.1109/JSEN.2021.3099511 | AC34: Based on ORB-SLAM2
A35: LeGO-LOAM | B35: ROS1 (kinetic, melodic) | C35: BSD 3-Clause | D35: - | E35: R | F35: - | G35: - | I35: - | L35: - | M35: - | N35: - | O35: - | W35: github | X35: =YEAR(TODAY())-YEAR(Y35) -> 6 | Y35: 43909 | AB35: 10.1109/IROS.2018.8594299
A36: HDL Graph SLAM | B36: ROS1 (Melodic, Noetic) | C36: BSD 2-Clause | D36: - | E36: R | F36: - | G36: O | H36: O | I36: - | K36: 3D | L36: - | M36: - | N36: - | O36: - | Q36: - | R36: - | S36: S | W36: github | X36: =YEAR(TODAY())-YEAR(Y36) -> 3 | Y36: 44985 | AB36: doi.org/10.1177/1729881419841532
A37: GLIM | B37: ROS1, ROS2 | C37: RA: GPL v3 C: undisclosed | D37: - | E37: R | F37: O | G37: R | H37: O* | I37: - | J37: Both | K37: 3D | L37: S | M37: S | N37: - | O37: - | P37: 3-axis | S37: O | T37: - | U37: - | V37: CUDA supported | W37: github | X37: =YEAR(TODAY())-YEAR(Y37) -> 2 | Y37: 45557 | Z37: + | AA37: NTU_VIRAL, | AB37: doi.org/10.1016/j.robot.2024.104750 | AC37: *Extension modules are available to add functionallity.
A38: SLICT | B38: ROS1 (Noetic) | C38: RA: GPL 2.0 C: GPL 2.0 | D38: - | E38: R | F38: - | G38: R | I38: - | J38: Both | K38: 3D | L38: - | M38: - | N38: - | O38: - | Q38: S | R38: - | S38: S | W38: github | X38: =YEAR(TODAY())-YEAR(Y38) -> 2 | Y38: 45526 | Z38: + | AB38: 10.1109/LRA.2023.3246390
A39: MARS | B39: ROS1 | C39: RA: BSD 3-Clause C: BSD 3-Clause | D39: - | E39: R | F39: - | G39: S | H39: S | I39: - | J39: Mech | K39: 3D | L39: - | M39: - | N39: - | O39: - | R39: - | S39: - | V39: Runs on CPU only | W39: github | X39: =YEAR(TODAY())-YEAR(Y39) -> 2 | Y39: 45478 | AA39: UrbanLoco, Newer College, Oxford, LIVE, | AB39: 10.1109/IROS51168.2021.9636763
A40: VoxelMap | B40: Ros1 (Noetic) | C40: RA: GPL 2.0 C: undisclosed | D40: - | E40: R | F40: - | G40: R | H40: - | I40: - | J40: Both | K40: 3D | L40: - | M40: - | N40: - | O40: - | Q40: - | R40: - | S40: - | T40: Each voxel stores one plane feature | V40: Intel i7-10700 @ 2.9 GHz with 16 GB RAM and Nvidia GeForce GTX 730 with 2 GB VRAM | W40: github | X40: =YEAR(TODAY())-YEAR(Y40) -> 4 | Y40: 44722 | Z40: - | AA40: KITTI | AB40: 10.1109/LRA.2022.3187250
A41: StaticMapping | B41: ROS1 | C41: MIT | D41: - | E41: R | F41: - | G41: O | H41: O | I41: Wheel odometry | J41: N/S | K41: 3D | L41: - | M41: - | N41: - | O41: - | S41: S | W41: github | X41: =YEAR(TODAY())-YEAR(Y41) -> 4 | Y41: 44831 | Z41: + | AA41: KITTI | AB41: -
A42: Gmapping | B42: ROS1 (Melodic, groovy, hydro) | C42: BSD 3-Clause | D42: - | E42: R | F42: - | G42: - | H42: - | I42: - | J42: L | K42: 2D | L42: - | M42: - | N42: - | O42: - | P42: - | Q42: - | R42: - | S42: - | W42: github, ros wiki | X42: =YEAR(TODAY())-YEAR(Y42) -> 2 | Y42: 45525 | Z42: - | AB42: 10.1109/ROBOT.2005.1570477
A43: Hector-SLAM | B43: ROS1 (Noetic) | D43: - | E43: R | F43: - | G43: - | H43: - | I43: - | J43: L | K43: 2D | L43: - | M43: - | N43: - | O43: - | P43: - | Q43: - | R43: - | S43: - | W43: github, ros wiki | X43: =YEAR(TODAY())-YEAR(Y43) -> 2 | Y43: 45399 | Z43: - | AB43: 10.1109/SSRR.2011.6106777
A44: A-LOAM | B44: ROS1 (Melodic, kinetic) | C44: BSD 3-Clause | D44: - | E44: R | F44: - | G44: - | H44: - | I44: - | J44: L | K44: 3D | L44: - | M44: - | N44: - | O44: - | P44: - | R44: - | W44: github | X44: =YEAR(TODAY())-YEAR(Y44) -> 7 | Y44: 43552 | Z44: + | AA44: KITTI | AB44: -
A45: ISC-LOAM | B45: ROS1 (Noetic) | C45: BSD 3-Clause | D45: - | E45: R | F45: - | G45: - | H45: - | I45: - | J45: Mech | K45: 3D | L45: - | M45: - | N45: - | O45: - | P45: - | Q45: - | R45: - | S45: S | V45: Intel® Core™ i7-8700 CPU @ 3.20GHz | W45: github | X45: =YEAR(TODAY())-YEAR(Y45) -> 2 | Y45: 45375 | Z45: - | AA45: KITTI | AB45: 10.1109/ICRA40945.2020.9196764
A46: FLOAM | B46: ROS1 (Noetic) | C46: BSD 3-Clause | D46: - | E46: R | F46: - | G46: - | H46: - | I46: - | J46: Mech | K46: 3D | L46: - | M46: - | N46: - | O46: - | P46: - | Q46: - | R46: - | S46: - | W46: github | X46: =YEAR(TODAY())-YEAR(Y46) -> 2 | Y46: 45375 | Z46: - | AA46: KITTI | AB46: 10.1109/IROS51168.2021.9636655
A47: ART-SLAM | B47: ROS1 (Noetic) | C47: Not specified | D47: - | E47: R | F47: - | G47: R | H47: - | I47: - | J47: L | K47: 3D | L47: - | M47: - | N47: - | O47: - | P47: - | Q47: - | R47: - | S47: S | W47: github | X47: =YEAR(TODAY())-YEAR(Y47) -> 4 | Y47: 44893 | Z47: - | AA47: KITTI | AB47: 10.1109/LRA.2022.3144795
A48: BALM | B48: ROS1 (Noetic) | C48: GPL 2.0 | D48: - | E48: R | F48: - | G48: - | H48: - | I48: - | J48: Both | K48: 3D | L48: - | M48: - | N48: - | O48: - | P48: - | Q48: - | R48: - | S48: - | W48: github | X48: =YEAR(TODAY())-YEAR(Y48) -> 2 | Y48: 45523 | Z48: - | AB48: 10.1109/LRA.2021.3062815
A49: livox_mapping | B49: ROS1 (Melodic, Kinetic) | C49: BSD 3-Clause | D49: - | E49: R | F49: - | G49: - | H49: - | I49: - | J49: L | K49: 3D | L49: - | M49: - | N49: - | O49: - | P49: - | Q49: - | R49: - | S49: - | U49: - | V49: - | W49: github | X49: =YEAR(TODAY())-YEAR(Y49) -> 6 | Y49: 44137 | Z49: - | AB49: -
A50: OVD-SLAM | B50: ROS1 (Melodic) | C50: Same as ORB-SLAM3 | D50: - | E50: - | F50: R | G50: - | H50: - | I50: - | J50: - | K50: - | L50: - | M50: S | N50: - | O50: S | P50: - | Q50: - | R50: - | S50: S | U50: - | V50: CUDA , Intel i7 CPU, RTX 2060 GPU, 32 GB RAM | W50: github | X50: =YEAR(TODAY())-YEAR(Y50) -> 2 | Y50: 45393 | Z50: - | AB50: 10.1109/JSEN.2023.3270534
A51: ReFusion | B51: ROS1 | C51: CC BY-NC-SA 3.0 | D51: - | E51: - | F51: R | G51: - | H51: - | I51: - | J51: - | K51: - | L51: - | M51: S | N51: - | O51: S | P51: - | Q51: - | R51: - | S51: - | W51: github | X51: =YEAR(TODAY())-YEAR(Y51) -> 7 | Y51: 43592 | AB51: 10.1109/IROS40897.2019.8967590
A52: CT-ICP | B52: ROS1 | C52: MIT | D52: - | E52: R | F52: - | G52: - | H52: - | I52: - | J52: Both | K52: 3D | L52: - | M52: - | N52: - | O52: - | P52: - | Q52: - | R52: - | S52: S | U52: - | V52: - | W52: github | X52: =YEAR(TODAY())-YEAR(Y52) -> 4 | Y52: 44772 | Z52: - | AA52: KITTI | AB52: 10.1109/ICRA46639.2022.9811849
A53: KISS-ICP | B53: ROS1, ROS2 | C53: MIT | D53: - | E53: R | F53: - | G53: - | H53: - | I53: - | J53: Both | K53: 3D | L53: - | M53: - | N53: - | O53: - | P53: - | Q53: - | R53: - | S53: - | U53: - | V53: - | W53: github | X53: =YEAR(TODAY())-YEAR(Y53) -> 2 | Y53: 45545 | Z53: - | AA53: KITTI, MulRan, Newer College, NCLT | AB53: 10.1109/LRA.2023.3236571
A54: LINS | B54: ROS1 (kinetic) | C54: none | D54: - | E54: R | F54: - | G54: R | H54: - | I54: - | K54: 3D | L54: - | M54: - | N54: - | O54: - | P54: 6-axis | Q54: - | R54: - | S54: - | U54: - | V54: - | W54: github | X54: =YEAR(TODAY())-YEAR(Y54) -> 6 | Y54: 43964 | Z54: - | AA54: - | AB54: 10.1109/ICRA40945.2020.9197567
A55: CLINS | B55: ROS1 | C55: GPL v3 | D55: - | E55: R | F55: - | G55: R | H55: - | I55: - | K55: 3D | L55: - | M55: - | N55: - | O55: - | Q55: - | R55: - | S55: S | U55: - | V55: - | W55: github | X55: =YEAR(TODAY())-YEAR(Y55) -> 4 | Y55: 44616 | Z55: - | AA55: Kaist Urban | AB55: 10.1109/IROS51168.2021.9636676
A56: DLO | B56: ROS1 (Melodic, Noetic) | C56: MIT | D56: - | E56: R | F56: - | G56: O | H56: - | I56: - | J56: Both | K56: 3D | L56: - | M56: - | N56: - | O56: - | Q56: - | R56: - | S56: - | U56: - | V56: - | W56: github | X56: =YEAR(TODAY())-YEAR(Y56) -> 3 | Y56: 45065 | Z56: - | AB56: 10.1109/LRA.2022.3142739
A57: M-LOAM | B57: ROS1 (Kinetic, Melodic) | C57: RA: GPL v3 C: undisclosed | D57: - | E57: R | F57: - | G57: - | H57: - | I57: - | J57: Both | K57: 3D | L57: - | M57: - | N57: - | O57: - | P57: - | Q57: - | R57: - | S57: S | W57: github | X57: =YEAR(TODAY())-YEAR(Y57) -> 5 | Y57: 44319 | Z57: + | AB57: 10.1109/ICRA48506.2021.9561262
A58: FAST-LIVO | B58: ROS1 (Noetic) | C58: RA: GPL v2 C: undisclosed | D58: Concurrent | E58: R | F58: R | G58: R | H58: - | I58: - | J58: Both | K58: 3D | L58: S | M58: S | N58: - | O58: - | P58: 6-axis | Q58: - | R58: - | S58: - | U58: - | V58: Intel Core i7-10700U processor | W58: github | X58: =YEAR(TODAY())-YEAR(Y58) -> 2 | Y58: 45512 | Z58: + | AA58: NTU_VIRAL | AB58: 10.1109/IROS47612.2022.9981107
A59: LITAMIN2 | B59: ROS1 | C59: none | D59: - | E59: R | F59: - | G59: - | H59: - | I59: - | J59: Mech | K59: 3D | L59: - | M59: - | N59: - | O59: - | P59: - | Q59: - | R59: - | S59: S | U59: - | V59: - | W59: github | X59: =YEAR(TODAY())-YEAR(Y59) -> 4 | Y59: 44581 | Z59: - | AA59: KITTI | AB59: 10.1109/ICRA48506.2021.9560947
A60: Faster-LIO | B60: ROS1 (Melodic, Noetic) | C60: GPL v2 | D60: - | E60: R | F60: - | G60: R | H60: - | I60: - | J60: Both | K60: 3D | L60: - | M60: - | N60: - | O60: - | P60: 6-axis | Q60: - | R60: - | S60: - | U60: - | V60: Intel i7-10750H CPU (6 cores, boost 5G Hz) | W60: github | X60: =YEAR(TODAY())-YEAR(Y60) -> 3 | Y60: 45192 | Z60: + | AA60: NCLT, UTBM | AB60: 10.1109/LRA.2022.3152830
A61: LiLi-OM | B61: ROS1 (Melodic, Noetic) | C61: RA: GPL v3 C: undisclosed | D61: - | E61: R | F61: - | G61: R | H61: - | I61: - | J61: Both | K61: 3D | L61: - | M61: - | N61: - | O61: - | P61: 9-axis | Q61: - | R61: - | S61: S | V61: Intel Core i5-7300HQ CPU, 8 GB RAM | W61: github | X61: =YEAR(TODAY())-YEAR(Y61) -> 5 | Y61: 44233 | Z61: - | AA61: Kaist Urban | AB61: 10.1109/LRA.2021.3070251
A62: LVI-SAM | B62: ROS1 (Kinetic, Melodic) | C62: BSD 3-Clause | D62: Concurrent | E62: R | F62: R | G62: R | H62: - | I62: - | J62: Both | K62: 3D | L62: S | M62: S | N62: - | O62: - | Q62: - | R62: - | S62: S | U62: - | V62: - | W62: github | X62: =YEAR(TODAY())-YEAR(Y62) -> 4 | Y62: 44749 | Z62: - | AA62: - | AB62: 10.1109/ICRA48506.2021.9561996
A63: LIOM | B63: ROS1 | C63: GPL v3 | D63: - | E63: R | F63: - | G63: R | H63: - | I63: - | J63: Mech | K63: 3D | L63: - | M63: - | N63: - | O63: - | Q63: - | R63: - | S63: - | V63: Intel i7-7700K CPU at 4.20GHz, 16GB RAM | W63: github | X63: =YEAR(TODAY())-YEAR(Y63) -> 7 | Y63: 43669 | Z63: + | AA63: Kaist Urban | AB63: 10.1109/ICRA.2019.8793511
A64: Cartographer | B64: ROS1, ROS2 | C64: Apache 2.0 | D64: - | E64: R | F64: - | G64: R | H64: - | I64: - | K64: 2D, 3D | L64: - | M64: - | N64: - | O64: - | Q64: - | R64: S | S64: S | U64: - | V64: Xeon E5-1650 at 3.2 GHz | W64: github | X64: =YEAR(TODAY())-YEAR(Y64) -> 3 | Y64: 45226 | Z64: + | AA64: - | AB64: 10.1109/ICRA.2016.7487258
A65: LOCUS (& Locus 2.0) | B65: ROS1 (Melodic, Noetic) | C65: MIT | D65: - | E65: R | F65: O* | G65: O* | H65: - | I65: - | J65: Mech | K65: 3D | L65: - | M65: - | N65: - | O65: - | P65: 6-axis | Q65: - | R65: - | S65: - | U65: - | V65: Sys.1: AMD RYZEN 9 3900X 12-Core 3.8 GHz Sys.2: Intel NUC7i7DN 4-Core 1.9 GHz | W65: github | X65: =YEAR(TODAY())-YEAR(Y65) -> 3 | Y65: 45045 | Z65: + | AA65: - | AB65: 10.1109/LRA.2020.3044864 | AC65: 10.1109/LRA.2022.3181357, *An odometry source is required. It can be from IMU, VIO, WIO, KIO, etc.

Sheet Data
A3: Algoritmos com o menor erro | B3: =INDEX($A$25:$A$118, MATCH(SMALL(B25:B118,1), B25:B118, 0)) -> Basalt | C3: =INDEX($A$25:$A$118, MATCH(SMALL(C25:C118,1), C25:C118, 0)) -> Basalt | D3: =INDEX($A$25:$A$118, MATCH(SMALL(D25:D118,1), D25:D118, 0)) -> Basalt | E3: =INDEX($A$25:$A$118, MATCH(SMALL(E25:E118,1), E25:E118, 0)) -> LDSO | F3: =INDEX($A$25:$A$118, MATCH(SMALL(F25:F118,1), F25:F118, 0)) -> ORB-SLAM3 | G3: =INDEX($A$25:$A$118, MATCH(SMALL(G25:G118,1), G25:G118, 0)) -> OpenVSLAM | H3: =INDEX($A$25:$A$118, MATCH(SMALL(H25:H118,1), H25:H118, 0)) -> Basalt | I3: =INDEX($A$25:$A$118, MATCH(SMALL(I25:I118,1), I25:I118, 0)) -> Basalt | ... DZ3: =INDEX($A$25:$A$118, MATCH(SMALL(DZ25:DZ118,1), DZ25:DZ118, 0)) -> HDL_Graph_SLAM | EC3: =INDEX($A$25:$A$118, MATCH(SMALL(EC25:EC118,1), EC25:EC118, 0)) -> ORB-SLAM3 | EF3: =INDEX($A$25:$A$118, MATCH(SMALL(EF25:EF118,1), EF25:EF118, 0)) -> Basalt | EH3: =INDEX($A$25:$A$118, MATCH(SMALL(EH25:EH118,1), EH25:EH118, 0)) -> Kimera | EI3: =INDEX($A$25:$A$118, MATCH(SMALL(EI25:EI118,1), EI25:EI118, 0)) -> DV-LOAM | EJ3: =INDEX($A$25:$A$118, MATCH(SMALL(EJ25:EJ118,1), EJ25:EJ118, 0)) -> RTAB. Stereo. ORB2 | EK3: =INDEX($A$25:$A$118, MATCH(SMALL(EK25:EK118,1), EK25:EK118, 0)) -> RTAB. Stereo. ORB2 | EL3: =INDEX($A$25:$A$118, MATCH(SMALL(EL25:EL118,1), EL25:EL118, 0)) -> RTAB. Stereo. ORB2 | EM3: =INDEX($A$25:$A$118, MATCH(SMALL(EM25:EM118,1), EM25:EM118, 0)) -> RTAB. Stereo. F2F | EN3: =INDEX($A$25:$A$118, MATCH(SMALL(EN25:EN118,1), EN25:EN118, 0)) -> RTAB. Stereo. ORB2 | EO3: =INDEX($A$25:$A$118, MATCH(SMALL(EO25:EO118,1), EO25:EO118, 0)) -> RTAB. Stereo. ORB2 | EP3: =INDEX($A$25:$A$118, MATCH(SMALL(EP25:EP118,1), EP25:EP118, 0)) -> DV-LOAM | EQ3: =IFERROR(INDEX($A$25:$A$118, MATCH(SMALL(EQ25:EQ118,1), EQ25:EQ118, 0)),"") -> DV-LOAM | ER3: =IFERROR(INDEX($A$25:$A$118, MATCH(SMALL(ER25:ER118,1), ER25:ER118, 0)),"") -> DVL-SLAM | ES3: =IFERROR(INDEX($A$25:$A$126, MATCH(SMALL(ES25:ES126,1), ES25:ES126, 0)),"") -> RTAB. Stereo. F2M | ET3: =IFERROR(INDEX($A$25:$A$126, MATCH(SMALL(ET25:ET126,1), ET25:ET126, 0)),"") -> VINS-Mono | EU3: =IFERROR(INDEX($A$25:$A$126, MATCH(SMALL(EU25:EU126,1), EU25:EU126, 0)),"") -> VINS-Mono | EV3: =IFERROR(INDEX($A$25:$A$126, MATCH(SMALL(EV25:EV126,1), EV25:EV126, 0)),"") -> OKVIS | EW3: =IFERROR(INDEX($A$25:$A$126, MATCH(SMALL(EW25:EW126,1), EW25:EW126, 0)),"") -> VINS-Mono | EX3: =IFERROR(INDEX($A$25:$A$126, MATCH(SMALL(EX25:EX126,1), EX25:EX126, 0)),"") -> VINS-Mono | EY3: =IFERROR(INDEX($A$25:$A$126, MATCH(SMALL(EY25:EY126,1), EY25:EY126, 0)),"") -> VINS-Mono | EZ3: =IFERROR(INDEX($A$25:$A$126, MATCH(SMALL(EZ25:EZ126,1), EZ25:EZ126, 0)),"") -> VINS-Mono | ... IJ3: =IFERROR(INDEX($A$25:$A$126, MATCH(SMALL(IJ25:IJ126,1), IJ25:IJ126, 0)),"") -> ORB-SLAM2 | IK3: =IFERROR(INDEX($A$25:$A$200, MATCH(SMALL(IK25:IK200,1), IK25:IK200, 0)),"") -> ORB-SLAM2 | IL3: =IFERROR(INDEX($A$25:$A$200, MATCH(SMALL(IL25:IL200,1), IL25:IL200, 0)),"") -> Plane-Edge-SLAM | IM3: =IFERROR(INDEX($A$25:$A$200, MATCH(SMALL(IM25:IM200,1), IM25:IM200, 0)),"") -> ORB-SLAM2 | IN3: =IFERROR(INDEX($A$25:$A$200, MATCH(SMALL(IN25:IN200,1), IN25:IN200, 0)),"") -> ORB-SLAM2 | IO3: =IFERROR(INDEX($A$25:$A$200, MATCH(SMALL(IO25:IO200,1), IO25:IO200, 0)),"") -> ORB-SLAM2 | IP3: =IFERROR(INDEX($A$25:$A$200, MATCH(SMALL(IP25:IP200,1), IP25:IP200, 0)),"") -> BundleFusion | IQ3: =IFERROR(INDEX($A$25:$A$200, MATCH(SMALL(IQ25:IQ200,1), IQ25:IQ200, 0)),"") -> ORB-SLAM2 | IR3: =IFERROR(INDEX($A$25:$A$200, MATCH(SMALL(IR25:IR200,1), IR25:IR200, 0)),"") -> DVO-SLAM | ... AGQ3: =IFERROR(INDEX($A$25:$A$200, MATCH(SMALL(AGQ25:AGQ200,1), AGQ25:AGQ200, 0)),"") -> DynaVINS
B4: {=IFERROR(INDEX($A$25:$A$118, MATCH(1,(B25:B118=SMALL(B25:B118,1))*(COUNTIF(B3, $A$25:$A$118)=0),0)), "")} | C4: {=IFERROR(INDEX($A$25:$A$118, MATCH(1,(C25:C118=SMALL(C25:C118,1))*(COUNTIF(C3, $A$25:$A$118)=0),0)), "")} -> ORB-SLAM3 | D4: {=IFERROR(INDEX($A$25:$A$118, MATCH(1,(D25:D118=SMALL(D25:D118,1))*(COUNTIF(D3, $A$25:$A$118)=0),0)), "")} | E4: {=IFERROR(INDEX($A$25:$A$118, MATCH(1,(E25:E118=SMALL(E25:E118,1))*(COUNTIF(E3, $A$25:$A$118)=0),0)), "")} | F4: {=IFERROR(INDEX($A$25:$A$118, MATCH(1,(F25:F118=SMALL(F25:F118,1))*(COUNTIF(F3, $A$25:$A$118)=0),0)), "")} | G4: {=IFERROR(INDEX($A$25:$A$118, MATCH(1,(G25:G118=SMALL(G25:G118,1))*(COUNTIF(G3, $A$25:$A$118)=0),0)), "")} -> ORB-SLAM3 | H4: {=IFERROR(INDEX($A$25:$A$118, MATCH(1,(H25:H118=SMALL(H25:H118,1))*(COUNTIF(H3, $A$25:$A$118)=0),0)), "")} | I4: {=IFERROR(INDEX($A$25:$A$118, MATCH(1,(I25:I118=SMALL(I25:I118,1))*(COUNTIF(I3, $A$25:$A$118)=0),0)), "")} | ... DZ4: {=IFERROR(INDEX($A$25:$A$118, MATCH(1,(DZ25:DZ118=SMALL(DZ25:DZ118,1))*(COUNTIF(DZ3, $A$25:$A$118)=0),0)), "")} | EC4: {=IFERROR(INDEX($A$25:$A$118, MATCH(1,(EC25:EC118=SMALL(EC25:EC118,1))*(COUNTIF(EC3, $A$25:$A$118)=0),0)), "")} | EF4: {=IFERROR(INDEX($A$25:$A$118, MATCH(1,(EF25:EF118=SMALL(EF25:EF118,1))*(COUNTIF(EF3, $A$25:$A$118)=0),0)), "")} | EH4: {=IFERROR(INDEX($A$25:$A$118, MATCH(1,(EH25:EH118=SMALL(EH25:EH118,1))*(COUNTIF(EH3, $A$25:$A$118)=0),0)), "")} | EI4: {=IFERROR(INDEX($A$25:$A$118, MATCH(1,(EI25:EI118=SMALL(EI25:EI118,1))*(COUNTIF(EI3, $A$25:$A$118)=0),0)), "")} | EJ4: {=IFERROR(INDEX($A$25:$A$118, MATCH(1,(EJ25:EJ118=SMALL(EJ25:EJ118,1))*(COUNTIF(EJ3, $A$25:$A$118)=0),0)), "")} | EK4: {=IFERROR(INDEX($A$25:$A$118, MATCH(1,(EK25:EK118=SMALL(EK25:EK118,1))*(COUNTIF(EK3, $A$25:$A$118)=0),0)), "")} | EL4: {=IFERROR(INDEX($A$25:$A$118, MATCH(1,(EL25:EL118=SMALL(EL25:EL118,1))*(COUNTIF(EL3, $A$25:$A$118)=0),0)), "")} | EM4: {=IFERROR(INDEX($A$25:$A$118, MATCH(1,(EM25:EM118=SMALL(EM25:EM118,1))*(COUNTIF(EM3, $A$25:$A$118)=0),0)), "")} | EN4: {=IFERROR(INDEX($A$25:$A$118, MATCH(1,(EN25:EN118=SMALL(EN25:EN118,1))*(COUNTIF(EN3, $A$25:$A$118)=0),0)), "")} | EO4: {=IFERROR(INDEX($A$25:$A$118, MATCH(1,(EO25:EO118=SMALL(EO25:EO118,1))*(COUNTIF(EO3, $A$25:$A$118)=0),0)), "")} | ... ER4: {=IFERROR(INDEX($A$25:$A$118, MATCH(1,(ER25:ER118=SMALL(ER25:ER118,1))*(COUNTIF(ER3, $A$25:$A$118)=0),0)), "")} | ES4: {=IFERROR(INDEX($A$25:$A$126, MATCH(1,(ES25:ES126=SMALL(ES25:ES126,1))*(COUNTIF(ES3, $A$25:$A$126)=0),0)), "")} | ET4: {=IFERROR(INDEX($A$25:$A$126, MATCH(1,(ET25:ET126=SMALL(ET25:ET126,1))*(COUNTIF(ET3, $A$25:$A$126)=0),0)), "")} | EU4: {=IFERROR(INDEX($A$25:$A$126, MATCH(1,(EU25:EU126=SMALL(EU25:EU126,1))*(COUNTIF(EU3, $A$25:$A$126)=0),0)), "")} | EV4: {=IFERROR(INDEX($A$25:$A$126, MATCH(1,(EV25:EV126=SMALL(EV25:EV126,1))*(COUNTIF(EV3, $A$25:$A$126)=0),0)), "")} | EW4: {=IFERROR(INDEX($A$25:$A$126, MATCH(1,(EW25:EW126=SMALL(EW25:EW126,1))*(COUNTIF(EW3, $A$25:$A$126)=0),0)), "")} | EX4: {=IFERROR(INDEX($A$25:$A$126, MATCH(1,(EX25:EX126=SMALL(EX25:EX126,1))*(COUNTIF(EX3, $A$25:$A$126)=0),0)), "")} | EY4: {=IFERROR(INDEX($A$25:$A$126, MATCH(1,(EY25:EY126=SMALL(EY25:EY126,1))*(COUNTIF(EY3, $A$25:$A$126)=0),0)), "")} | EZ4: {=IFERROR(INDEX($A$25:$A$126, MATCH(1,(EZ25:EZ126=SMALL(EZ25:EZ126,1))*(COUNTIF(EZ3, $A$25:$A$126)=0),0)), "")} | ... IJ4: {=IFERROR(INDEX($A$25:$A$126, MATCH(1,(IJ25:IJ126=SMALL(IJ25:IJ126,1))*(COUNTIF(IJ3, $A$25:$A$126)=0),0)), "")} | IK4: {=IFERROR(INDEX($A$25:$A$200, MATCH(1,(IK25:IK200=SMALL(IK25:IK200,1))*(COUNTIF(IK3, $A$25:$A$200)=0),0)), "")} -> BundleFusion | IL4: {=IFERROR(INDEX($A$25:$A$200, MATCH(1,(IL25:IL200=SMALL(IL25:IL200,1))*(COUNTIF(IL3, $A$25:$A$200)=0),0)), "")} | IM4: {=IFERROR(INDEX($A$25:$A$200, MATCH(1,(IM25:IM200=SMALL(IM25:IM200,1))*(COUNTIF(IM3, $A$25:$A$200)=0),0)), "")} | IN4: {=IFERROR(INDEX($A$25:$A$200, MATCH(1,(IN25:IN200=SMALL(IN25:IN200,1))*(COUNTIF(IN3, $A$25:$A$200)=0),0)), "")} -> RGBDTAM | IO4: {=IFERROR(INDEX($A$25:$A$200, MATCH(1,(IO25:IO200=SMALL(IO25:IO200,1))*(COUNTIF(IO3, $A$25:$A$200)=0),0)), "")} | IP4: {=IFERROR(INDEX($A$25:$A$200, MATCH(1,(IP25:IP200=SMALL(IP25:IP200,1))*(COUNTIF(IP3, $A$25:$A$200)=0),0)), "")} | IQ4: {=IFERROR(INDEX($A$25:$A$200, MATCH(1,(IQ25:IQ200=SMALL(IQ25:IQ200,1))*(COUNTIF(IQ3, $A$25:$A$200)=0),0)), "")} | IR4: {=IFERROR(INDEX($A$25:$A$200, MATCH(1,(IR25:IR200=SMALL(IR25:IR200,1))*(COUNTIF(IR3, $A$25:$A$200)=0),0)), "")} | ... AGQ4: {=IFERROR(INDEX($A$25:$A$200, MATCH(1,(AGQ25:AGQ200=SMALL(AGQ25:AGQ200,1))*(COUNTIF(AGQ3, $A$25:$A$200)=0),0)), "")}
B5: {=IFERROR(INDEX($A$25:$A$118, MATCH(1,(B25:B118=SMALL(B25:B118,1))*(COUNTIF(B3:B4, $A$25:$A$118)=0),0)), "")} | C5: {=IFERROR(INDEX($A$25:$A$118, MATCH(1,(C25:C118=SMALL(C25:C118,1))*(COUNTIF(C3:C4, $A$25:$A$118)=0),0)), "")} | D5: {=IFERROR(INDEX($A$25:$A$118, MATCH(1,(D25:D118=SMALL(D25:D118,1))*(COUNTIF(D3:D4, $A$25:$A$118)=0),0)), "")} | E5: {=IFERROR(INDEX($A$25:$A$118, MATCH(1,(E25:E118=SMALL(E25:E118,1))*(COUNTIF(E3:E4, $A$25:$A$118)=0),0)), "")} | F5: {=IFERROR(INDEX($A$25:$A$118, MATCH(1,(F25:F118=SMALL(F25:F118,1))*(COUNTIF(F3:F4, $A$25:$A$118)=0),0)), "")} | G5: {=IFERROR(INDEX($A$25:$A$118, MATCH(1,(G25:G118=SMALL(G25:G118,1))*(COUNTIF(G3:G4, $A$25:$A$118)=0),0)), "")} | H5: {=IFERROR(INDEX($A$25:$A$118, MATCH(1,(H25:H118=SMALL(H25:H118,1))*(COUNTIF(H3:H4, $A$25:$A$118)=0),0)), "")} | I5: {=IFERROR(INDEX($A$25:$A$118, MATCH(1,(I25:I118=SMALL(I25:I118,1))*(COUNTIF(I3:I4, $A$25:$A$118)=0),0)), "")} | ... DZ5: {=IFERROR(INDEX($A$25:$A$118, MATCH(1,(DZ25:DZ118=SMALL(DZ25:DZ118,1))*(COUNTIF(DZ3:DZ4, $A$25:$A$118)=0),0)), "")} | EC5: {=IFERROR(INDEX($A$25:$A$118, MATCH(1,(EC25:EC118=SMALL(EC25:EC118,1))*(COUNTIF(EC3:EC4, $A$25:$A$118)=0),0)), "")} | EF5: {=IFERROR(INDEX($A$25:$A$118, MATCH(1,(EF25:EF118=SMALL(EF25:EF118,1))*(COUNTIF(EF3:EF4, $A$25:$A$118)=0),0)), "")} | EH5: {=IFERROR(INDEX($A$25:$A$118, MATCH(1,(EH25:EH118=SMALL(EH25:EH118,1))*(COUNTIF(EH3:EH4, $A$25:$A$118)=0),0)), "")} | EI5: {=IFERROR(INDEX($A$25:$A$118, MATCH(1,(EI25:EI118=SMALL(EI25:EI118,1))*(COUNTIF(EI3:EI4, $A$25:$A$118)=0),0)), "")} | EJ5: {=IFERROR(INDEX($A$25:$A$118, MATCH(1,(EJ25:EJ118=SMALL(EJ25:EJ118,1))*(COUNTIF(EJ3:EJ4, $A$25:$A$118)=0),0)), "")} | EK5: {=IFERROR(INDEX($A$25:$A$118, MATCH(1,(EK25:EK118=SMALL(EK25:EK118,1))*(COUNTIF(EK3:EK4, $A$25:$A$118)=0),0)), "")} | EL5: {=IFERROR(INDEX($A$25:$A$118, MATCH(1,(EL25:EL118=SMALL(EL25:EL118,1))*(COUNTIF(EL3:EL4, $A$25:$A$118)=0),0)), "")} | EM5: {=IFERROR(INDEX($A$25:$A$118, MATCH(1,(EM25:EM118=SMALL(EM25:EM118,1))*(COUNTIF(EM3:EM4, $A$25:$A$118)=0),0)), "")} | EN5: {=IFERROR(INDEX($A$25:$A$118, MATCH(1,(EN25:EN118=SMALL(EN25:EN118,1))*(COUNTIF(EN3:EN4, $A$25:$A$118)=0),0)), "")} | EO5: {=IFERROR(INDEX($A$25:$A$118, MATCH(1,(EO25:EO118=SMALL(EO25:EO118,1))*(COUNTIF(EO3:EO4, $A$25:$A$118)=0),0)), "")} | ... ER5: {=IFERROR(INDEX($A$25:$A$118, MATCH(1,(ER25:ER118=SMALL(ER25:ER118,1))*(COUNTIF(ER3:ER4, $A$25:$A$118)=0),0)), "")} | ES5: {=IFERROR(INDEX($A$25:$A$126, MATCH(1,(ES25:ES126=SMALL(ES25:ES126,1))*(COUNTIF(ES3:ES4, $A$25:$A$126)=0),0)), "")} | ET5: {=IFERROR(INDEX($A$25:$A$126, MATCH(1,(ET25:ET126=SMALL(ET25:ET126,1))*(COUNTIF(ET3:ET4, $A$25:$A$126)=0),0)), "")} | EU5: {=IFERROR(INDEX($A$25:$A$126, MATCH(1,(EU25:EU126=SMALL(EU25:EU126,1))*(COUNTIF(EU3:EU4, $A$25:$A$126)=0),0)), "")} | EV5: {=IFERROR(INDEX($A$25:$A$126, MATCH(1,(EV25:EV126=SMALL(EV25:EV126,1))*(COUNTIF(EV3:EV4, $A$25:$A$126)=0),0)), "")} | EW5: {=IFERROR(INDEX($A$25:$A$126, MATCH(1,(EW25:EW126=SMALL(EW25:EW126,1))*(COUNTIF(EW3:EW4, $A$25:$A$126)=0),0)), "")} | EX5: {=IFERROR(INDEX($A$25:$A$126, MATCH(1,(EX25:EX126=SMALL(EX25:EX126,1))*(COUNTIF(EX3:EX4, $A$25:$A$126)=0),0)), "")} | EY5: {=IFERROR(INDEX($A$25:$A$126, MATCH(1,(EY25:EY126=SMALL(EY25:EY126,1))*(COUNTIF(EY3:EY4, $A$25:$A$126)=0),0)), "")} | EZ5: {=IFERROR(INDEX($A$25:$A$126, MATCH(1,(EZ25:EZ126=SMALL(EZ25:EZ126,1))*(COUNTIF(EZ3:EZ4, $A$25:$A$126)=0),0)), "")} | ... IJ5: {=IFERROR(INDEX($A$25:$A$126, MATCH(1,(IJ25:IJ126=SMALL(IJ25:IJ126,1))*(COUNTIF(IJ3:IJ4, $A$25:$A$126)=0),0)), "")} | IK5: {=IFERROR(INDEX($A$25:$A$200, MATCH(1,(IK25:IK200=SMALL(IK25:IK200,1))*(COUNTIF(IK3:IK4, $A$25:$A$200)=0),0)), "")} | IL5: {=IFERROR(INDEX($A$25:$A$200, MATCH(1,(IL25:IL200=SMALL(IL25:IL200,1))*(COUNTIF(IL3:IL4, $A$25:$A$200)=0),0)), "")} | IM5: {=IFERROR(INDEX($A$25:$A$200, MATCH(1,(IM25:IM200=SMALL(IM25:IM200,1))*(COUNTIF(IM3:IM4, $A$25:$A$200)=0),0)), "")} | IN5: {=IFERROR(INDEX($A$25:$A$200, MATCH(1,(IN25:IN200=SMALL(IN25:IN200,1))*(COUNTIF(IN3:IN4, $A$25:$A$200)=0),0)), "")} | IO5: {=IFERROR(INDEX($A$25:$A$200, MATCH(1,(IO25:IO200=SMALL(IO25:IO200,1))*(COUNTIF(IO3:IO4, $A$25:$A$200)=0),0)), "")} | IP5: {=IFERROR(INDEX($A$25:$A$200, MATCH(1,(IP25:IP200=SMALL(IP25:IP200,1))*(COUNTIF(IP3:IP4, $A$25:$A$200)=0),0)), "")} | IQ5: {=IFERROR(INDEX($A$25:$A$200, MATCH(1,(IQ25:IQ200=SMALL(IQ25:IQ200,1))*(COUNTIF(IQ3:IQ4, $A$25:$A$200)=0),0)), "")} | IR5: {=IFERROR(INDEX($A$25:$A$200, MATCH(1,(IR25:IR200=SMALL(IR25:IR200,1))*(COUNTIF(IR3:IR4, $A$25:$A$200)=0),0)), "")} | ... AGQ5: {=IFERROR(INDEX($A$25:$A$200, MATCH(1,(AGQ25:AGQ200=SMALL(AGQ25:AGQ200,1))*(COUNTIF(AGQ3:AGQ4, $A$25:$A$200)=0),0)), "")}
A6: Algoritmos com erro inferior a: | B6: {=IFERROR(IF(SMALL(B25:B118,2)<=$A$8*SMALL(B25:B118,1),IFERROR(INDEX($A$25:$A$118, MATCH(1,(B25:B118=SMALL(B25:B118,2))*(COUNTIF(B3:B5, $A$25:$A$118)=0),0)), ""),""),"")} | C6: {=IFERROR(IF(SMALL(C25:C118,2)<=$A$8*SMALL(C25:C118,1),IFERROR(INDEX($A$25:$A$118, MATCH(1,(C25:C118=SMALL(C25:C118,2))*(COUNTIF(C3:C5, $A$25:$A$118)=0),0)), ""),""),"")} | D6: {=IFERROR(IF(SMALL(D25:D118,2)<=$A$8*SMALL(D25:D118,1),IFERROR(INDEX($A$25:$A$118, MATCH(1,(D25:D118=SMALL(D25:D118,2))*(COUNTIF(D3:D5, $A$25:$A$118)=0),0)), ""),""),"")} -> OpenVINS | E6: {=IFERROR(IF(SMALL(E25:E118,2)<=$A$8*SMALL(E25:E118,1),IFERROR(INDEX($A$25:$A$118, MATCH(1,(E25:E118=SMALL(E25:E118,2))*(COUNTIF(E3:E5, $A$25:$A$118)=0),0)), ""),""),"")} -> ORB-SLAM2 | F6: {=IFERROR(IF(SMALL(F25:F118,2)<=$A$8*SMALL(F25:F118,1),IFERROR(INDEX($A$25:$A$118, MATCH(1,(F25:F118=SMALL(F25:F118,2))*(COUNTIF(F3:F5, $A$25:$A$118)=0),0)), ""),""),"")} | G6: {=IFERROR(IF(SMALL(G25:G118,2)<=$A$8*SMALL(G25:G118,1),IFERROR(INDEX($A$25:$A$118, MATCH(1,(G25:G118=SMALL(G25:G118,2))*(COUNTIF(G3:G5, $A$25:$A$118)=0),0)), ""),""),"")} | H6: {=IFERROR(IF(SMALL(H25:H118,2)<=$A$8*SMALL(H25:H118,1),IFERROR(INDEX($A$25:$A$118, MATCH(1,(H25:H118=SMALL(H25:H118,2))*(COUNTIF(H3:H5, $A$25:$A$118)=0),0)), ""),""),"")} -> ORB-SLAM3 | I6: {=IFERROR(IF(SMALL(I25:I118,2)<=$A$8*SMALL(I25:I118,1),IFERROR(INDEX($A$25:$A$118, MATCH(1,(I25:I118=SMALL(I25:I118,2))*(COUNTIF(I3:I5, $A$25:$A$118)=0),0)), ""),""),"")} -> VINS-Mono | ... DZ6: {=IFERROR(IF(SMALL(DZ25:DZ118,2)<=$A$8*SMALL(DZ25:DZ118,1),IFERROR(INDEX($A$25:$A$118, MATCH(1,(DZ25:DZ118=SMALL(DZ25:DZ118,2))*(COUNTIF(DZ3:DZ5, $A$25:$A$118)=0),0)), ""),""),"")} -> LIO-SAM | EC6: {=IFERROR(IF(SMALL(EC25:EC118,2)<=$A$8*SMALL(EC25:EC118,1),IFERROR(INDEX($A$25:$A$118, MATCH(1,(EC25:EC118=SMALL(EC25:EC118,2))*(COUNTIF(EC3:EC5, $A$25:$A$118)=0),0)), ""),""),"")} -> Basalt | EF6: {=IFERROR(IF(SMALL(EF25:EF118,2)<=$A$8*SMALL(EF25:EF118,1),IFERROR(INDEX($A$25:$A$118, MATCH(1,(EF25:EF118=SMALL(EF25:EF118,2))*(COUNTIF(EF3:EF5, $A$25:$A$118)=0),0)), ""),""),"")} -> LeGO-LOAM | EH6: {=IFERROR(IF(SMALL(EH25:EH118,2)<=$A$8*SMALL(EH25:EH118,1),IFERROR(INDEX($A$25:$A$118, MATCH(1,(EH25:EH118=SMALL(EH25:EH118,2))*(COUNTIF(EH3:EH5, $A$25:$A$118)=0),0)), ""),""),"")} | EI6: {=IFERROR(IF(SMALL(EI25:EI118,2)<=$A$8*SMALL(EI25:EI118,1),IFERROR(INDEX($A$25:$A$118, MATCH(1,(EI25:EI118=SMALL(EI25:EI118,2))*(COUNTIF(EI3:EI5, $A$25:$A$118)=0),0)), ""),""),"")} -> RTAB. Stereo. ORB2 | EJ6: {=IFERROR(IF(SMALL(EJ25:EJ118,2)<=$A$8*SMALL(EJ25:EJ118,1),IFERROR(INDEX($A$25:$A$118, MATCH(1,(EJ25:EJ118=SMALL(EJ25:EJ118,2))*(COUNTIF(EJ3:EJ5, $A$25:$A$118)=0),0)), ""),""),"")} | EK6: {=IFERROR(IF(SMALL(EK25:EK118,2)<=$A$8*SMALL(EK25:EK118,1),IFERROR(INDEX($A$25:$A$118, MATCH(1,(EK25:EK118=SMALL(EK25:EK118,2))*(COUNTIF(EK3:EK5, $A$25:$A$118)=0),0)), ""),""),"")} -> ORB-SLAM2 | EL6: {=IFERROR(IF(SMALL(EL25:EL118,2)<=$A$8*SMALL(EL25:EL118,1),IFERROR(INDEX($A$25:$A$118, MATCH(1,(EL25:EL118=SMALL(EL25:EL118,2))*(COUNTIF(EL3:EL5, $A$25:$A$118)=0),0)), ""),""),"")} -> ORB-SLAM2 | EM6: {=IFERROR(IF(SMALL(EM25:EM118,2)<=$A$8*SMALL(EM25:EM118,1),IFERROR(INDEX($A$25:$A$118, MATCH(1,(EM25:EM118=SMALL(EM25:EM118,2))*(COUNTIF(EM3:EM5, $A$25:$A$118)=0),0)), ""),""),"")} -> DV-LOAM | EN6: {=IFERROR(IF(SMALL(EN25:EN118,2)<=$A$8*SMALL(EN25:EN118,1),IFERROR(INDEX($A$25:$A$118, MATCH(1,(EN25:EN118=SMALL(EN25:EN118,2))*(COUNTIF(EN3:EN5, $A$25:$A$118)=0),0)), ""),""),"")} -> RTAB. Stereo. F2M | EO6: {=IFERROR(IF(SMALL(EO25:EO118,2)<=$A$8*SMALL(EO25:EO118,1),IFERROR(INDEX($A$25:$A$118, MATCH(1,(EO25:EO118=SMALL(EO25:EO118,2))*(COUNTIF(EO3:EO5, $A$25:$A$118)=0),0)), ""),""),"")} -> ORB-SLAM2 | ... ER6: {=IFERROR(IF(SMALL(ER25:ER118,2)<=$A$8*SMALL(ER25:ER118,1),IFERROR(INDEX($A$25:$A$118, MATCH(1,(ER25:ER118=SMALL(ER25:ER118,2))*(COUNTIF(ER3:ER5, $A$25:$A$118)=0),0)), ""),""),"")} -> DV-LOAM | ES6: {=IFERROR(IF(SMALL(ES25:ES126,2)<=$A$8*SMALL(ES25:ES126,1),IFERROR(INDEX($A$25:$A$126, MATCH(1,(ES25:ES126=SMALL(ES25:ES126,2))*(COUNTIF(ES3:ES5, $A$25:$A$126)=0),0)), ""),""),"")} -> RTAB. Stereo. ORB2 | ET6: {=IFERROR(IF(SMALL(ET25:ET126,2)<=$A$8*SMALL(ET25:ET126,1),IFERROR(INDEX($A$25:$A$126, MATCH(1,(ET25:ET126=SMALL(ET25:ET126,2))*(COUNTIF(ET3:ET5, $A$25:$A$126)=0),0)), ""),""),"")} -> OKVIS | EU6: {=IFERROR(IF(SMALL(EU25:EU126,2)<=$A$8*SMALL(EU25:EU126,1),IFERROR(INDEX($A$25:$A$126, MATCH(1,(EU25:EU126=SMALL(EU25:EU126,2))*(COUNTIF(EU3:EU5, $A$25:$A$126)=0),0)), ""),""),"")} -> OKVIS | EV6: {=IFERROR(IF(SMALL(EV25:EV126,2)<=$A$8*SMALL(EV25:EV126,1),IFERROR(INDEX($A$25:$A$126, MATCH(1,(EV25:EV126=SMALL(EV25:EV126,2))*(COUNTIF(EV3:EV5, $A$25:$A$126)=0),0)), ""),""),"")} -> VINS-Mono | EW6: {=IFERROR(IF(SMALL(EW25:EW126,2)<=$A$8*SMALL(EW25:EW126,1),IFERROR(INDEX($A$25:$A$126, MATCH(1,(EW25:EW126=SMALL(EW25:EW126,2))*(COUNTIF(EW3:EW5, $A$25:$A$126)=0),0)), ""),""),"")} -> OKVIS | EX6: {=IFERROR(IF(SMALL(EX25:EX126,2)<=$A$8*SMALL(EX25:EX126,1),IFERROR(INDEX($A$25:$A$126, MATCH(1,(EX25:EX126=SMALL(EX25:EX126,2))*(COUNTIF(EX3:EX5, $A$25:$A$126)=0),0)), ""),""),"")} | EY6: {=IFERROR(IF(SMALL(EY25:EY126,2)<=$A$8*SMALL(EY25:EY126,1),IFERROR(INDEX($A$25:$A$126, MATCH(1,(EY25:EY126=SMALL(EY25:EY126,2))*(COUNTIF(EY3:EY5, $A$25:$A$126)=0),0)), ""),""),"")} | EZ6: {=IFERROR(IF(SMALL(EZ25:EZ126,2)<=$A$8*SMALL(EZ25:EZ126,1),IFERROR(INDEX($A$25:$A$126, MATCH(1,(EZ25:EZ126=SMALL(EZ25:EZ126,2))*(COUNTIF(EZ3:EZ5, $A$25:$A$126)=0),0)), ""),""),"")} | ... IJ6: {=IFERROR(IF(SMALL(IJ25:IJ126,2)<=$A$8*SMALL(IJ25:IJ126,1),IFERROR(INDEX($A$25:$A$126, MATCH(1,(IJ25:IJ126=SMALL(IJ25:IJ126,2))*(COUNTIF(IJ3:IJ5, $A$25:$A$126)=0),0)), ""),""),"")} -> DynaSLAM | IK6: {=IFERROR(IF(SMALL(IK25:IK200,2)<=$A$8*SMALL(IK25:IK200,1),IFERROR(INDEX($A$25:$A$200, MATCH(1,(IK25:IK200=SMALL(IK25:IK200,2))*(COUNTIF(IK3:IK5, $A$25:$A$200)=0),0)), ""),""),"")} | IL6: {=IFERROR(IF(SMALL(IL25:IL200,2)<=$A$8*SMALL(IL25:IL200,1),IFERROR(INDEX($A$25:$A$200, MATCH(1,(IL25:IL200=SMALL(IL25:IL200,2))*(COUNTIF(IL3:IL5, $A$25:$A$200)=0),0)), ""),""),"")} | IM6: {=IFERROR(IF(SMALL(IM25:IM200,2)<=$A$8*SMALL(IM25:IM200,1),IFERROR(INDEX($A$25:$A$200, MATCH(1,(IM25:IM200=SMALL(IM25:IM200,2))*(COUNTIF(IM3:IM5, $A$25:$A$200)=0),0)), ""),""),"")} -> DVO-SLAM | IN6: {=IFERROR(IF(SMALL(IN25:IN200,2)<=$A$8*SMALL(IN25:IN200,1),IFERROR(INDEX($A$25:$A$200, MATCH(1,(IN25:IN200=SMALL(IN25:IN200,2))*(COUNTIF(IN3:IN5, $A$25:$A$200)=0),0)), ""),""),"")} | IO6: {=IFERROR(IF(SMALL(IO25:IO200,2)<=$A$8*SMALL(IO25:IO200,1),IFERROR(INDEX($A$25:$A$200, MATCH(1,(IO25:IO200=SMALL(IO25:IO200,2))*(COUNTIF(IO3:IO5, $A$25:$A$200)=0),0)), ""),""),"")} | IP6: {=IFERROR(IF(SMALL(IP25:IP200,2)<=$A$8*SMALL(IP25:IP200,1),IFERROR(INDEX($A$25:$A$200, MATCH(1,(IP25:IP200=SMALL(IP25:IP200,2))*(COUNTIF(IP3:IP5, $A$25:$A$200)=0),0)), ""),""),"")} -> Plane-Edge-SLAM | IQ6: {=IFERROR(IF(SMALL(IQ25:IQ200,2)<=$A$8*SMALL(IQ25:IQ200,1),IFERROR(INDEX($A$25:$A$200, MATCH(1,(IQ25:IQ200=SMALL(IQ25:IQ200,2))*(COUNTIF(IQ3:IQ5, $A$25:$A$200)=0),0)), ""),""),"")} | IR6: {=IFERROR(IF(SMALL(IR25:IR200,2)<=$A$8*SMALL(IR25:IR200,1),IFERROR(INDEX($A$25:$A$200, MATCH(1,(IR25:IR200=SMALL(IR25:IR200,2))*(COUNTIF(IR3:IR5, $A$25:$A$200)=0),0)), ""),""),"")} | ... AGQ6: {=IFERROR(IF(SMALL(AGQ25:AGQ200,2)<=$A$8*SMALL(AGQ25:AGQ200,1),IFERROR(INDEX($A$25:$A$200, MATCH(1,(AGQ25:AGQ200=SMALL(AGQ25:AGQ200,2))*(COUNTIF(AGQ3:AGQ5, $A$25:$A$200)=0),0)), ""),""),"")}
B7: {=IFERROR(IF(SMALL(B25:B118,2)<=$A$8*SMALL(B25:B118,1),IFERROR(INDEX($A$25:$A$118, MATCH(1,(B25:B118=SMALL(B25:B118,2))*(COUNTIF(B3:B6, $A$25:$A$118)=0),0)), ""),""),"")} | C7: {=IFERROR(IF(SMALL(C25:C118,2)<=$A$8*SMALL(C25:C118,1),IFERROR(INDEX($A$25:$A$118, MATCH(1,(C25:C118=SMALL(C25:C118,2))*(COUNTIF(C3:C6, $A$25:$A$118)=0),0)), ""),""),"")} | D7: {=IFERROR(IF(SMALL(D25:D118,2)<=$A$8*SMALL(D25:D118,1),IFERROR(INDEX($A$25:$A$118, MATCH(1,(D25:D118=SMALL(D25:D118,2))*(COUNTIF(D3:D6, $A$25:$A$118)=0),0)), ""),""),"")} | E7: {=IFERROR(IF(SMALL(E25:E118,2)<=$A$8*SMALL(E25:E118,1),IFERROR(INDEX($A$25:$A$118, MATCH(1,(E25:E118=SMALL(E25:E118,2))*(COUNTIF(E3:E6, $A$25:$A$118)=0),0)), ""),""),"")} | F7: {=IFERROR(IF(SMALL(F25:F118,2)<=$A$8*SMALL(F25:F118,1),IFERROR(INDEX($A$25:$A$118, MATCH(1,(F25:F118=SMALL(F25:F118,2))*(COUNTIF(F3:F6, $A$25:$A$118)=0),0)), ""),""),"")} | G7: {=IFERROR(IF(SMALL(G25:G118,2)<=$A$8*SMALL(G25:G118,1),IFERROR(INDEX($A$25:$A$118, MATCH(1,(G25:G118=SMALL(G25:G118,2))*(COUNTIF(G3:G6, $A$25:$A$118)=0),0)), ""),""),"")} | H7: {=IFERROR(IF(SMALL(H25:H118,2)<=$A$8*SMALL(H25:H118,1),IFERROR(INDEX($A$25:$A$118, MATCH(1,(H25:H118=SMALL(H25:H118,2))*(COUNTIF(H3:H6, $A$25:$A$118)=0),0)), ""),""),"")} | I7: {=IFERROR(IF(SMALL(I25:I118,2)<=$A$8*SMALL(I25:I118,1),IFERROR(INDEX($A$25:$A$118, MATCH(1,(I25:I118=SMALL(I25:I118,2))*(COUNTIF(I3:I6, $A$25:$A$118)=0),0)), ""),""),"")} | ... DZ7: {=IFERROR(IF(SMALL(DZ25:DZ118,2)<=$A$8*SMALL(DZ25:DZ118,1),IFERROR(INDEX($A$25:$A$118, MATCH(1,(DZ25:DZ118=SMALL(DZ25:DZ118,2))*(COUNTIF(DZ3:DZ6, $A$25:$A$118)=0),0)), ""),""),"")} | EC7: {=IFERROR(IF(SMALL(EC25:EC118,2)<=$A$8*SMALL(EC25:EC118,1),IFERROR(INDEX($A$25:$A$118, MATCH(1,(EC25:EC118=SMALL(EC25:EC118,2))*(COUNTIF(EC3:EC6, $A$25:$A$118)=0),0)), ""),""),"")} | EF7: {=IFERROR(IF(SMALL(EF25:EF118,2)<=$A$8*SMALL(EF25:EF118,1),IFERROR(INDEX($A$25:$A$118, MATCH(1,(EF25:EF118=SMALL(EF25:EF118,2))*(COUNTIF(EF3:EF6, $A$25:$A$118)=0),0)), ""),""),"")} | EH7: {=IFERROR(IF(SMALL(EH25:EH118,2)<=$A$8*SMALL(EH25:EH118,1),IFERROR(INDEX($A$25:$A$118, MATCH(1,(EH25:EH118=SMALL(EH25:EH118,2))*(COUNTIF(EH3:EH6, $A$25:$A$118)=0),0)), ""),""),"")} | EI7: {=IFERROR(IF(SMALL(EI25:EI118,2)<=$A$8*SMALL(EI25:EI118,1),IFERROR(INDEX($A$25:$A$118, MATCH(1,(EI25:EI118=SMALL(EI25:EI118,2))*(COUNTIF(EI3:EI6, $A$25:$A$118)=0),0)), ""),""),"")} | EJ7: {=IFERROR(IF(SMALL(EJ25:EJ118,2)<=$A$8*SMALL(EJ25:EJ118,1),IFERROR(INDEX($A$25:$A$118, MATCH(1,(EJ25:EJ118=SMALL(EJ25:EJ118,2))*(COUNTIF(EJ3:EJ6, $A$25:$A$118)=0),0)), ""),""),"")} | EK7: {=IFERROR(IF(SMALL(EK25:EK118,2)<=$A$8*SMALL(EK25:EK118,1),IFERROR(INDEX($A$25:$A$118, MATCH(1,(EK25:EK118=SMALL(EK25:EK118,2))*(COUNTIF(EK3:EK6, $A$25:$A$118)=0),0)), ""),""),"")} | EL7: {=IFERROR(IF(SMALL(EL25:EL118,2)<=$A$8*SMALL(EL25:EL118,1),IFERROR(INDEX($A$25:$A$118, MATCH(1,(EL25:EL118=SMALL(EL25:EL118,2))*(COUNTIF(EL3:EL6, $A$25:$A$118)=0),0)), ""),""),"")} | EM7: {=IFERROR(IF(SMALL(EM25:EM118,2)<=$A$8*SMALL(EM25:EM118,1),IFERROR(INDEX($A$25:$A$118, MATCH(1,(EM25:EM118=SMALL(EM25:EM118,2))*(COUNTIF(EM3:EM6, $A$25:$A$118)=0),0)), ""),""),"")} | EN7: {=IFERROR(IF(SMALL(EN25:EN118,2)<=$A$8*SMALL(EN25:EN118,1),IFERROR(INDEX($A$25:$A$118, MATCH(1,(EN25:EN118=SMALL(EN25:EN118,2))*(COUNTIF(EN3:EN6, $A$25:$A$118)=0),0)), ""),""),"")} | EO7: {=IFERROR(IF(SMALL(EO25:EO118,2)<=$A$8*SMALL(EO25:EO118,1),IFERROR(INDEX($A$25:$A$118, MATCH(1,(EO25:EO118=SMALL(EO25:EO118,2))*(COUNTIF(EO3:EO6, $A$25:$A$118)=0),0)), ""),""),"")} | ... ER7: {=IFERROR(IF(SMALL(ER25:ER118,2)<=$A$8*SMALL(ER25:ER118,1),IFERROR(INDEX($A$25:$A$118, MATCH(1,(ER25:ER118=SMALL(ER25:ER118,2))*(COUNTIF(ER3:ER6, $A$25:$A$118)=0),0)), ""),""),"")} | ES7: {=IFERROR(IF(SMALL(ES25:ES126,2)<=$A$8*SMALL(ES25:ES126,1),IFERROR(INDEX($A$25:$A$126, MATCH(1,(ES25:ES126=SMALL(ES25:ES126,2))*(COUNTIF(ES3:ES6, $A$25:$A$126)=0),0)), ""),""),"")} | ET7: {=IFERROR(IF(SMALL(ET25:ET126,2)<=$A$8*SMALL(ET25:ET126,1),IFERROR(INDEX($A$25:$A$126, MATCH(1,(ET25:ET126=SMALL(ET25:ET126,2))*(COUNTIF(ET3:ET6, $A$25:$A$126)=0),0)), ""),""),"")} | EU7: {=IFERROR(IF(SMALL(EU25:EU126,2)<=$A$8*SMALL(EU25:EU126,1),IFERROR(INDEX($A$25:$A$126, MATCH(1,(EU25:EU126=SMALL(EU25:EU126,2))*(COUNTIF(EU3:EU6, $A$25:$A$126)=0),0)), ""),""),"")} | EV7: {=IFERROR(IF(SMALL(EV25:EV126,2)<=$A$8*SMALL(EV25:EV126,1),IFERROR(INDEX($A$25:$A$126, MATCH(1,(EV25:EV126=SMALL(EV25:EV126,2))*(COUNTIF(EV3:EV6, $A$25:$A$126)=0),0)), ""),""),"")} | EW7: {=IFERROR(IF(SMALL(EW25:EW126,2)<=$A$8*SMALL(EW25:EW126,1),IFERROR(INDEX($A$25:$A$126, MATCH(1,(EW25:EW126=SMALL(EW25:EW126,2))*(COUNTIF(EW3:EW6, $A$25:$A$126)=0),0)), ""),""),"")} | EX7: {=IFERROR(IF(SMALL(EX25:EX126,2)<=$A$8*SMALL(EX25:EX126,1),IFERROR(INDEX($A$25:$A$126, MATCH(1,(EX25:EX126=SMALL(EX25:EX126,2))*(COUNTIF(EX3:EX6, $A$25:$A$126)=0),0)), ""),""),"")} | EY7: {=IFERROR(IF(SMALL(EY25:EY126,2)<=$A$8*SMALL(EY25:EY126,1),IFERROR(INDEX($A$25:$A$126, MATCH(1,(EY25:EY126=SMALL(EY25:EY126,2))*(COUNTIF(EY3:EY6, $A$25:$A$126)=0),0)), ""),""),"")} | EZ7: {=IFERROR(IF(SMALL(EZ25:EZ126,2)<=$A$8*SMALL(EZ25:EZ126,1),IFERROR(INDEX($A$25:$A$126, MATCH(1,(EZ25:EZ126=SMALL(EZ25:EZ126,2))*(COUNTIF(EZ3:EZ6, $A$25:$A$126)=0),0)), ""),""),"")} | ... IJ7: {=IFERROR(IF(SMALL(IJ25:IJ126,2)<=$A$8*SMALL(IJ25:IJ126,1),IFERROR(INDEX($A$25:$A$126, MATCH(1,(IJ25:IJ126=SMALL(IJ25:IJ126,2))*(COUNTIF(IJ3:IJ6, $A$25:$A$126)=0),0)), ""),""),"")} | IK7: {=IFERROR(IF(SMALL(IK25:IK200,2)<=$A$8*SMALL(IK25:IK200,1),IFERROR(INDEX($A$25:$A$200, MATCH(1,(IK25:IK200=SMALL(IK25:IK200,2))*(COUNTIF(IK3:IK6, $A$25:$A$200)=0),0)), ""),""),"")} | IL7: {=IFERROR(IF(SMALL(IL25:IL200,2)<=$A$8*SMALL(IL25:IL200,1),IFERROR(INDEX($A$25:$A$200, MATCH(1,(IL25:IL200=SMALL(IL25:IL200,2))*(COUNTIF(IL3:IL6, $A$25:$A$200)=0),0)), ""),""),"")} | IM7: {=IFERROR(IF(SMALL(IM25:IM200,2)<=$A$8*SMALL(IM25:IM200,1),IFERROR(INDEX($A$25:$A$200, MATCH(1,(IM25:IM200=SMALL(IM25:IM200,2))*(COUNTIF(IM3:IM6, $A$25:$A$200)=0),0)), ""),""),"")} | IN7: {=IFERROR(IF(SMALL(IN25:IN200,2)<=$A$8*SMALL(IN25:IN200,1),IFERROR(INDEX($A$25:$A$200, MATCH(1,(IN25:IN200=SMALL(IN25:IN200,2))*(COUNTIF(IN3:IN6, $A$25:$A$200)=0),0)), ""),""),"")} | IO7: {=IFERROR(IF(SMALL(IO25:IO200,2)<=$A$8*SMALL(IO25:IO200,1),IFERROR(INDEX($A$25:$A$200, MATCH(1,(IO25:IO200=SMALL(IO25:IO200,2))*(COUNTIF(IO3:IO6, $A$25:$A$200)=0),0)), ""),""),"")} | IP7: {=IFERROR(IF(SMALL(IP25:IP200,2)<=$A$8*SMALL(IP25:IP200,1),IFERROR(INDEX($A$25:$A$200, MATCH(1,(IP25:IP200=SMALL(IP25:IP200,2))*(COUNTIF(IP3:IP6, $A$25:$A$200)=0),0)), ""),""),"")} | IQ7: {=IFERROR(IF(SMALL(IQ25:IQ200,2)<=$A$8*SMALL(IQ25:IQ200,1),IFERROR(INDEX($A$25:$A$200, MATCH(1,(IQ25:IQ200=SMALL(IQ25:IQ200,2))*(COUNTIF(IQ3:IQ6, $A$25:$A$200)=0),0)), ""),""),"")} | IR7: {=IFERROR(IF(SMALL(IR25:IR200,2)<=$A$8*SMALL(IR25:IR200,1),IFERROR(INDEX($A$25:$A$200, MATCH(1,(IR25:IR200=SMALL(IR25:IR200,2))*(COUNTIF(IR3:IR6, $A$25:$A$200)=0),0)), ""),""),"")} | ... AGQ7: {=IFERROR(IF(SMALL(AGQ25:AGQ200,2)<=$A$8*SMALL(AGQ25:AGQ200,1),IFERROR(INDEX($A$25:$A$200, MATCH(1,(AGQ25:AGQ200=SMALL(AGQ25:AGQ200,2))*(COUNTIF(AGQ3:AGQ6, $A$25:$A$200)=0),0)), ""),""),"")}
A8: ='(old)OtherMetrics'!D21 -> 1.25 | B8: {=IFERROR(IF(SMALL(B25:B118,3)<=$A$8*SMALL(B25:B118,1),IFERROR(INDEX($A$25:$A$118, MATCH(1,(B25:B118=SMALL(B25:B118,3))*(COUNTIF(B6:B7, $A$25:$A$118)=0),0)), ""),""),"")} | C8: {=IFERROR(IF(SMALL(C25:C118,3)<=$A$8*SMALL(C25:C118,1),IFERROR(INDEX($A$25:$A$118, MATCH(1,(C25:C118=SMALL(C25:C118,3))*(COUNTIF(C6:C7, $A$25:$A$118)=0),0)), ""),""),"")} | D8: {=IFERROR(IF(SMALL(D25:D118,3)<=$A$8*SMALL(D25:D118,1),IFERROR(INDEX($A$25:$A$118, MATCH(1,(D25:D118=SMALL(D25:D118,3))*(COUNTIF(D6:D7, $A$25:$A$118)=0),0)), ""),""),"")} -> Kimera | E8: {=IFERROR(IF(SMALL(E25:E118,3)<=$A$8*SMALL(E25:E118,1),IFERROR(INDEX($A$25:$A$118, MATCH(1,(E25:E118=SMALL(E25:E118,3))*(COUNTIF(E6:E7, $A$25:$A$118)=0),0)), ""),""),"")} -> OpenVSLAM | F8: {=IFERROR(IF(SMALL(F25:F118,3)<=$A$8*SMALL(F25:F118,1),IFERROR(INDEX($A$25:$A$118, MATCH(1,(F25:F118=SMALL(F25:F118,3))*(COUNTIF(F6:F7, $A$25:$A$118)=0),0)), ""),""),"")} | G8: {=IFERROR(IF(SMALL(G25:G118,3)<=$A$8*SMALL(G25:G118,1),IFERROR(INDEX($A$25:$A$118, MATCH(1,(G25:G118=SMALL(G25:G118,3))*(COUNTIF(G6:G7, $A$25:$A$118)=0),0)), ""),""),"")} -> ORB-SLAM2 | H8: {=IFERROR(IF(SMALL(H25:H118,3)<=$A$8*SMALL(H25:H118,1),IFERROR(INDEX($A$25:$A$118, MATCH(1,(H25:H118=SMALL(H25:H118,3))*(COUNTIF(H6:H7, $A$25:$A$118)=0),0)), ""),""),"")} | I8: {=IFERROR(IF(SMALL(I25:I118,3)<=$A$8*SMALL(I25:I118,1),IFERROR(INDEX($A$25:$A$118, MATCH(1,(I25:I118=SMALL(I25:I118,3))*(COUNTIF(I6:I7, $A$25:$A$118)=0),0)), ""),""),"")} | ... DZ8: {=IFERROR(IF(SMALL(DZ25:DZ118,3)<=$A$8*SMALL(DZ25:DZ118,1),IFERROR(INDEX($A$25:$A$118, MATCH(1,(DZ25:DZ118=SMALL(DZ25:DZ118,3))*(COUNTIF(DZ6:DZ7, $A$25:$A$118)=0),0)), ""),""),"")} | EC8: {=IFERROR(IF(SMALL(EC25:EC118,3)<=$A$8*SMALL(EC25:EC118,1),IFERROR(INDEX($A$25:$A$118, MATCH(1,(EC25:EC118=SMALL(EC25:EC118,3))*(COUNTIF(EC6:EC7, $A$25:$A$118)=0),0)), ""),""),"")} -> HDL_Graph_SLAM | EF8: {=IFERROR(IF(SMALL(EF25:EF118,3)<=$A$8*SMALL(EF25:EF118,1),IFERROR(INDEX($A$25:$A$118, MATCH(1,(EF25:EF118=SMALL(EF25:EF118,3))*(COUNTIF(EF6:EF7, $A$25:$A$118)=0),0)), ""),""),"")} -> LIO-SAM | EH8: {=IFERROR(IF(SMALL(EH25:EH118,3)<=$A$8*SMALL(EH25:EH118,1),IFERROR(INDEX($A$25:$A$118, MATCH(1,(EH25:EH118=SMALL(EH25:EH118,3))*(COUNTIF(EH6:EH7, $A$25:$A$118)=0),0)), ""),""),"")} | EI8: {=IFERROR(IF(SMALL(EI25:EI118,3)<=$A$8*SMALL(EI25:EI118,1),IFERROR(INDEX($A$25:$A$118, MATCH(1,(EI25:EI118=SMALL(EI25:EI118,3))*(COUNTIF(EI6:EI7, $A$25:$A$118)=0),0)), ""),""),"")} -> RTAB. Stereo. F2M | EJ8: {=IFERROR(IF(SMALL(EJ25:EJ118,3)<=$A$8*SMALL(EJ25:EJ118,1),IFERROR(INDEX($A$25:$A$118, MATCH(1,(EJ25:EJ118=SMALL(EJ25:EJ118,3))*(COUNTIF(EJ6:EJ7, $A$25:$A$118)=0),0)), ""),""),"")} | EK8: {=IFERROR(IF(SMALL(EK25:EK118,3)<=$A$8*SMALL(EK25:EK118,1),IFERROR(INDEX($A$25:$A$118, MATCH(1,(EK25:EK118=SMALL(EK25:EK118,3))*(COUNTIF(EK6:EK7, $A$25:$A$118)=0),0)), ""),""),"")} -> DV-LOAM | EL8: {=IFERROR(IF(SMALL(EL25:EL118,3)<=$A$8*SMALL(EL25:EL118,1),IFERROR(INDEX($A$25:$A$118, MATCH(1,(EL25:EL118=SMALL(EL25:EL118,3))*(COUNTIF(EL6:EL7, $A$25:$A$118)=0),0)), ""),""),"")} -> RTAB. Stereo. F2M | EM8: {=IFERROR(IF(SMALL(EM25:EM118,3)<=$A$8*SMALL(EM25:EM118,1),IFERROR(INDEX($A$25:$A$118, MATCH(1,(EM25:EM118=SMALL(EM25:EM118,3))*(COUNTIF(EM6:EM7, $A$25:$A$118)=0),0)), ""),""),"")} | EN8: {=IFERROR(IF(SMALL(EN25:EN118,3)<=$A$8*SMALL(EN25:EN118,1),IFERROR(INDEX($A$25:$A$118, MATCH(1,(EN25:EN118=SMALL(EN25:EN118,3))*(COUNTIF(EN6:EN7, $A$25:$A$118)=0),0)), ""),""),"")} -> ORB-SLAM2 | EO8: {=IFERROR(IF(SMALL(EO25:EO118,3)<=$A$8*SMALL(EO25:EO118,1),IFERROR(INDEX($A$25:$A$118, MATCH(1,(EO25:EO118=SMALL(EO25:EO118,3))*(COUNTIF(EO6:EO7, $A$25:$A$118)=0),0)), ""),""),"")} -> RTAB. Stereo. F2M | ... ER8: {=IFERROR(IF(SMALL(ER25:ER118,3)<=$A$8*SMALL(ER25:ER118,1),IFERROR(INDEX($A$25:$A$118, MATCH(1,(ER25:ER118=SMALL(ER25:ER118,3))*(COUNTIF(ER6:ER7, $A$25:$A$118)=0),0)), ""),""),"")} -> LOAM | ES8: {=IFERROR(IF(SMALL(ES25:ES126,3)<=$A$8*SMALL(ES25:ES126,1),IFERROR(INDEX($A$25:$A$126, MATCH(1,(ES25:ES126=SMALL(ES25:ES126,3))*(COUNTIF(ES6:ES7, $A$25:$A$126)=0),0)), ""),""),"")} -> ORB-SLAM2 | ET8: {=IFERROR(IF(SMALL(ET25:ET126,3)<=$A$8*SMALL(ET25:ET126,1),IFERROR(INDEX($A$25:$A$126, MATCH(1,(ET25:ET126=SMALL(ET25:ET126,3))*(COUNTIF(ET6:ET7, $A$25:$A$126)=0),0)), ""),""),"")} | EU8: {=IFERROR(IF(SMALL(EU25:EU126,3)<=$A$8*SMALL(EU25:EU126,1),IFERROR(INDEX($A$25:$A$126, MATCH(1,(EU25:EU126=SMALL(EU25:EU126,3))*(COUNTIF(EU6:EU7, $A$25:$A$126)=0),0)), ""),""),"")} | EV8: {=IFERROR(IF(SMALL(EV25:EV126,3)<=$A$8*SMALL(EV25:EV126,1),IFERROR(INDEX($A$25:$A$126, MATCH(1,(EV25:EV126=SMALL(EV25:EV126,3))*(COUNTIF(EV6:EV7, $A$25:$A$126)=0),0)), ""),""),"")} | EW8: {=IFERROR(IF(SMALL(EW25:EW126,3)<=$A$8*SMALL(EW25:EW126,1),IFERROR(INDEX($A$25:$A$126, MATCH(1,(EW25:EW126=SMALL(EW25:EW126,3))*(COUNTIF(EW6:EW7, $A$25:$A$126)=0),0)), ""),""),"")} | EX8: {=IFERROR(IF(SMALL(EX25:EX126,3)<=$A$8*SMALL(EX25:EX126,1),IFERROR(INDEX($A$25:$A$126, MATCH(1,(EX25:EX126=SMALL(EX25:EX126,3))*(COUNTIF(EX6:EX7, $A$25:$A$126)=0),0)), ""),""),"")} | EY8: {=IFERROR(IF(SMALL(EY25:EY126,3)<=$A$8*SMALL(EY25:EY126,1),IFERROR(INDEX($A$25:$A$126, MATCH(1,(EY25:EY126=SMALL(EY25:EY126,3))*(COUNTIF(EY6:EY7, $A$25:$A$126)=0),0)), ""),""),"")} | EZ8: {=IFERROR(IF(SMALL(EZ25:EZ126,3)<=$A$8*SMALL(EZ25:EZ126,1),IFERROR(INDEX($A$25:$A$126, MATCH(1,(EZ25:EZ126=SMALL(EZ25:EZ126,3))*(COUNTIF(EZ6:EZ7, $A$25:$A$126)=0),0)), ""),""),"")} | ... IJ8: {=IFERROR(IF(SMALL(IJ25:IJ126,3)<=$A$8*SMALL(IJ25:IJ126,1),IFERROR(INDEX($A$25:$A$126, MATCH(1,(IJ25:IJ126=SMALL(IJ25:IJ126,3))*(COUNTIF(IJ6:IJ7, $A$25:$A$126)=0),0)), ""),""),"")} | IK8: {=IFERROR(IF(SMALL(IK25:IK200,3)<=$A$8*SMALL(IK25:IK200,1),IFERROR(INDEX($A$25:$A$200, MATCH(1,(IK25:IK200=SMALL(IK25:IK200,3))*(COUNTIF(IK6:IK7, $A$25:$A$200)=0),0)), ""),""),"")} -> BAD-SLAM* | IL8: {=IFERROR(IF(SMALL(IL25:IL200,3)<=$A$8*SMALL(IL25:IL200,1),IFERROR(INDEX($A$25:$A$200, MATCH(1,(IL25:IL200=SMALL(IL25:IL200,3))*(COUNTIF(IL6:IL7, $A$25:$A$200)=0),0)), ""),""),"")} | IM8: {=IFERROR(IF(SMALL(IM25:IM200,3)<=$A$8*SMALL(IM25:IM200,1),IFERROR(INDEX($A$25:$A$200, MATCH(1,(IM25:IM200=SMALL(IM25:IM200,3))*(COUNTIF(IM6:IM7, $A$25:$A$200)=0),0)), ""),""),"")} | IN8: {=IFERROR(IF(SMALL(IN25:IN200,3)<=$A$8*SMALL(IN25:IN200,1),IFERROR(INDEX($A$25:$A$200, MATCH(1,(IN25:IN200=SMALL(IN25:IN200,3))*(COUNTIF(IN6:IN7, $A$25:$A$200)=0),0)), ""),""),"")} | IO8: {=IFERROR(IF(SMALL(IO25:IO200,3)<=$A$8*SMALL(IO25:IO200,1),IFERROR(INDEX($A$25:$A$200, MATCH(1,(IO25:IO200=SMALL(IO25:IO200,3))*(COUNTIF(IO6:IO7, $A$25:$A$200)=0),0)), ""),""),"")} | IP8: {=IFERROR(IF(SMALL(IP25:IP200,3)<=$A$8*SMALL(IP25:IP200,1),IFERROR(INDEX($A$25:$A$200, MATCH(1,(IP25:IP200=SMALL(IP25:IP200,3))*(COUNTIF(IP6:IP7, $A$25:$A$200)=0),0)), ""),""),"")} | IQ8: {=IFERROR(IF(SMALL(IQ25:IQ200,3)<=$A$8*SMALL(IQ25:IQ200,1),IFERROR(INDEX($A$25:$A$200, MATCH(1,(IQ25:IQ200=SMALL(IQ25:IQ200,3))*(COUNTIF(IQ6:IQ7, $A$25:$A$200)=0),0)), ""),""),"")} | IR8: {=IFERROR(IF(SMALL(IR25:IR200,3)<=$A$8*SMALL(IR25:IR200,1),IFERROR(INDEX($A$25:$A$200, MATCH(1,(IR25:IR200=SMALL(IR25:IR200,3))*(COUNTIF(IR6:IR7, $A$25:$A$200)=0),0)), ""),""),"")} | ... AGQ8: {=IFERROR(IF(SMALL(AGQ25:AGQ200,3)<=$A$8*SMALL(AGQ25:AGQ200,1),IFERROR(INDEX($A$25:$A$200, MATCH(1,(AGQ25:AGQ200=SMALL(AGQ25:AGQ200,3))*(COUNTIF(AGQ6:AGQ7, $A$25:$A$200)=0),0)), ""),""),"")}
A9: do menor erro | B9: {=IFERROR(IF(SMALL(B25:B118,3)<=$A$8*SMALL(B25:B118,1),IFERROR(INDEX($A$25:$A$118, MATCH(1,(B25:B118=SMALL(B25:B118,3))*(COUNTIF(B6:B8, $A$25:$A$118)=0),0)), ""),""),"")} | C9: {=IFERROR(IF(SMALL(C25:C118,3)<=$A$8*SMALL(C25:C118,1),IFERROR(INDEX($A$25:$A$118, MATCH(1,(C25:C118=SMALL(C25:C118,3))*(COUNTIF(C6:C8, $A$25:$A$118)=0),0)), ""),""),"")} | D9: {=IFERROR(IF(SMALL(D25:D118,3)<=$A$8*SMALL(D25:D118,1),IFERROR(INDEX($A$25:$A$118, MATCH(1,(D25:D118=SMALL(D25:D118,3))*(COUNTIF(D6:D8, $A$25:$A$118)=0),0)), ""),""),"")} | E9: {=IFERROR(IF(SMALL(E25:E118,3)<=$A$8*SMALL(E25:E118,1),IFERROR(INDEX($A$25:$A$118, MATCH(1,(E25:E118=SMALL(E25:E118,3))*(COUNTIF(E6:E8, $A$25:$A$118)=0),0)), ""),""),"")} | F9: {=IFERROR(IF(SMALL(F25:F118,3)<=$A$8*SMALL(F25:F118,1),IFERROR(INDEX($A$25:$A$118, MATCH(1,(F25:F118=SMALL(F25:F118,3))*(COUNTIF(F6:F8, $A$25:$A$118)=0),0)), ""),""),"")} | G9: {=IFERROR(IF(SMALL(G25:G118,3)<=$A$8*SMALL(G25:G118,1),IFERROR(INDEX($A$25:$A$118, MATCH(1,(G25:G118=SMALL(G25:G118,3))*(COUNTIF(G6:G8, $A$25:$A$118)=0),0)), ""),""),"")} | H9: {=IFERROR(IF(SMALL(H25:H118,3)<=$A$8*SMALL(H25:H118,1),IFERROR(INDEX($A$25:$A$118, MATCH(1,(H25:H118=SMALL(H25:H118,3))*(COUNTIF(H6:H8, $A$25:$A$118)=0),0)), ""),""),"")} | I9: {=IFERROR(IF(SMALL(I25:I118,3)<=$A$8*SMALL(I25:I118,1),IFERROR(INDEX($A$25:$A$118, MATCH(1,(I25:I118=SMALL(I25:I118,3))*(COUNTIF(I6:I8, $A$25:$A$118)=0),0)), ""),""),"")} | ... DZ9: {=IFERROR(IF(SMALL(DZ25:DZ118,3)<=$A$8*SMALL(DZ25:DZ118,1),IFERROR(INDEX($A$25:$A$118, MATCH(1,(DZ25:DZ118=SMALL(DZ25:DZ118,3))*(COUNTIF(DZ6:DZ8, $A$25:$A$118)=0),0)), ""),""),"")} | EC9: {=IFERROR(IF(SMALL(EC25:EC118,3)<=$A$8*SMALL(EC25:EC118,1),IFERROR(INDEX($A$25:$A$118, MATCH(1,(EC25:EC118=SMALL(EC25:EC118,3))*(COUNTIF(EC6:EC8, $A$25:$A$118)=0),0)), ""),""),"")} | EF9: {=IFERROR(IF(SMALL(EF25:EF118,3)<=$A$8*SMALL(EF25:EF118,1),IFERROR(INDEX($A$25:$A$118, MATCH(1,(EF25:EF118=SMALL(EF25:EF118,3))*(COUNTIF(EF6:EF8, $A$25:$A$118)=0),0)), ""),""),"")} | EH9: {=IFERROR(IF(SMALL(EH25:EH118,3)<=$A$8*SMALL(EH25:EH118,1),IFERROR(INDEX($A$25:$A$118, MATCH(1,(EH25:EH118=SMALL(EH25:EH118,3))*(COUNTIF(EH6:EH8, $A$25:$A$118)=0),0)), ""),""),"")} | EI9: {=IFERROR(IF(SMALL(EI25:EI118,3)<=$A$8*SMALL(EI25:EI118,1),IFERROR(INDEX($A$25:$A$118, MATCH(1,(EI25:EI118=SMALL(EI25:EI118,3))*(COUNTIF(EI6:EI8, $A$25:$A$118)=0),0)), ""),""),"")} | EJ9: {=IFERROR(IF(SMALL(EJ25:EJ118,3)<=$A$8*SMALL(EJ25:EJ118,1),IFERROR(INDEX($A$25:$A$118, MATCH(1,(EJ25:EJ118=SMALL(EJ25:EJ118,3))*(COUNTIF(EJ6:EJ8, $A$25:$A$118)=0),0)), ""),""),"")} | EK9: {=IFERROR(IF(SMALL(EK25:EK118,3)<=$A$8*SMALL(EK25:EK118,1),IFERROR(INDEX($A$25:$A$118, MATCH(1,(EK25:EK118=SMALL(EK25:EK118,3))*(COUNTIF(EK6:EK8, $A$25:$A$118)=0),0)), ""),""),"")} | EL9: {=IFERROR(IF(SMALL(EL25:EL118,3)<=$A$8*SMALL(EL25:EL118,1),IFERROR(INDEX($A$25:$A$118, MATCH(1,(EL25:EL118=SMALL(EL25:EL118,3))*(COUNTIF(EL6:EL8, $A$25:$A$118)=0),0)), ""),""),"")} | EM9: {=IFERROR(IF(SMALL(EM25:EM118,3)<=$A$8*SMALL(EM25:EM118,1),IFERROR(INDEX($A$25:$A$118, MATCH(1,(EM25:EM118=SMALL(EM25:EM118,3))*(COUNTIF(EM6:EM8, $A$25:$A$118)=0),0)), ""),""),"")} | EN9: {=IFERROR(IF(SMALL(EN25:EN118,3)<=$A$8*SMALL(EN25:EN118,1),IFERROR(INDEX($A$25:$A$118, MATCH(1,(EN25:EN118=SMALL(EN25:EN118,3))*(COUNTIF(EN6:EN8, $A$25:$A$118)=0),0)), ""),""),"")} | EO9: {=IFERROR(IF(SMALL(EO25:EO118,3)<=$A$8*SMALL(EO25:EO118,1),IFERROR(INDEX($A$25:$A$118, MATCH(1,(EO25:EO118=SMALL(EO25:EO118,3))*(COUNTIF(EO6:EO8, $A$25:$A$118)=0),0)), ""),""),"")} | ... ER9: {=IFERROR(IF(SMALL(ER25:ER118,3)<=$A$8*SMALL(ER25:ER118,1),IFERROR(INDEX($A$25:$A$118, MATCH(1,(ER25:ER118=SMALL(ER25:ER118,3))*(COUNTIF(ER6:ER8, $A$25:$A$118)=0),0)), ""),""),"")} | ES9: {=IFERROR(IF(SMALL(ES25:ES126,3)<=$A$8*SMALL(ES25:ES126,1),IFERROR(INDEX($A$25:$A$126, MATCH(1,(ES25:ES126=SMALL(ES25:ES126,3))*(COUNTIF(ES6:ES8, $A$25:$A$126)=0),0)), ""),""),"")} | ET9: {=IFERROR(IF(SMALL(ET25:ET126,3)<=$A$8*SMALL(ET25:ET126,1),IFERROR(INDEX($A$25:$A$126, MATCH(1,(ET25:ET126=SMALL(ET25:ET126,3))*(COUNTIF(ET6:ET8, $A$25:$A$126)=0),0)), ""),""),"")} | EU9: {=IFERROR(IF(SMALL(EU25:EU126,3)<=$A$8*SMALL(EU25:EU126,1),IFERROR(INDEX($A$25:$A$126, MATCH(1,(EU25:EU126=SMALL(EU25:EU126,3))*(COUNTIF(EU6:EU8, $A$25:$A$126)=0),0)), ""),""),"")} | EV9: {=IFERROR(IF(SMALL(EV25:EV126,3)<=$A$8*SMALL(EV25:EV126,1),IFERROR(INDEX($A$25:$A$126, MATCH(1,(EV25:EV126=SMALL(EV25:EV126,3))*(COUNTIF(EV6:EV8, $A$25:$A$126)=0),0)), ""),""),"")} | EW9: {=IFERROR(IF(SMALL(EW25:EW126,3)<=$A$8*SMALL(EW25:EW126,1),IFERROR(INDEX($A$25:$A$126, MATCH(1,(EW25:EW126=SMALL(EW25:EW126,3))*(COUNTIF(EW6:EW8, $A$25:$A$126)=0),0)), ""),""),"")} | EX9: {=IFERROR(IF(SMALL(EX25:EX126,3)<=$A$8*SMALL(EX25:EX126,1),IFERROR(INDEX($A$25:$A$126, MATCH(1,(EX25:EX126=SMALL(EX25:EX126,3))*(COUNTIF(EX6:EX8, $A$25:$A$126)=0),0)), ""),""),"")} | EY9: {=IFERROR(IF(SMALL(EY25:EY126,3)<=$A$8*SMALL(EY25:EY126,1),IFERROR(INDEX($A$25:$A$126, MATCH(1,(EY25:EY126=SMALL(EY25:EY126,3))*(COUNTIF(EY6:EY8, $A$25:$A$126)=0),0)), ""),""),"")} | EZ9: {=IFERROR(IF(SMALL(EZ25:EZ126,3)<=$A$8*SMALL(EZ25:EZ126,1),IFERROR(INDEX($A$25:$A$126, MATCH(1,(EZ25:EZ126=SMALL(EZ25:EZ126,3))*(COUNTIF(EZ6:EZ8, $A$25:$A$126)=0),0)), ""),""),"")} | ... IJ9: {=IFERROR(IF(SMALL(IJ25:IJ126,3)<=$A$8*SMALL(IJ25:IJ126,1),IFERROR(INDEX($A$25:$A$126, MATCH(1,(IJ25:IJ126=SMALL(IJ25:IJ126,3))*(COUNTIF(IJ6:IJ8, $A$25:$A$126)=0),0)), ""),""),"")} | IK9: {=IFERROR(IF(SMALL(IK25:IK200,3)<=$A$8*SMALL(IK25:IK200,1),IFERROR(INDEX($A$25:$A$200, MATCH(1,(IK25:IK200=SMALL(IK25:IK200,3))*(COUNTIF(IK6:IK8, $A$25:$A$200)=0),0)), ""),""),"")} | IL9: {=IFERROR(IF(SMALL(IL25:IL200,3)<=$A$8*SMALL(IL25:IL200,1),IFERROR(INDEX($A$25:$A$200, MATCH(1,(IL25:IL200=SMALL(IL25:IL200,3))*(COUNTIF(IL6:IL8, $A$25:$A$200)=0),0)), ""),""),"")} | IM9: {=IFERROR(IF(SMALL(IM25:IM200,3)<=$A$8*SMALL(IM25:IM200,1),IFERROR(INDEX($A$25:$A$200, MATCH(1,(IM25:IM200=SMALL(IM25:IM200,3))*(COUNTIF(IM6:IM8, $A$25:$A$200)=0),0)), ""),""),"")} | IN9: {=IFERROR(IF(SMALL(IN25:IN200,3)<=$A$8*SMALL(IN25:IN200,1),IFERROR(INDEX($A$25:$A$200, MATCH(1,(IN25:IN200=SMALL(IN25:IN200,3))*(COUNTIF(IN6:IN8, $A$25:$A$200)=0),0)), ""),""),"")} | IO9: {=IFERROR(IF(SMALL(IO25:IO200,3)<=$A$8*SMALL(IO25:IO200,1),IFERROR(INDEX($A$25:$A$200, MATCH(1,(IO25:IO200=SMALL(IO25:IO200,3))*(COUNTIF(IO6:IO8, $A$25:$A$200)=0),0)), ""),""),"")} | IP9: {=IFERROR(IF(SMALL(IP25:IP200,3)<=$A$8*SMALL(IP25:IP200,1),IFERROR(INDEX($A$25:$A$200, MATCH(1,(IP25:IP200=SMALL(IP25:IP200,3))*(COUNTIF(IP6:IP8, $A$25:$A$200)=0),0)), ""),""),"")} | IQ9: {=IFERROR(IF(SMALL(IQ25:IQ200,3)<=$A$8*SMALL(IQ25:IQ200,1),IFERROR(INDEX($A$25:$A$200, MATCH(1,(IQ25:IQ200=SMALL(IQ25:IQ200,3))*(COUNTIF(IQ6:IQ8, $A$25:$A$200)=0),0)), ""),""),"")} | IR9: {=IFERROR(IF(SMALL(IR25:IR200,3)<=$A$8*SMALL(IR25:IR200,1),IFERROR(INDEX($A$25:$A$200, MATCH(1,(IR25:IR200=SMALL(IR25:IR200,3))*(COUNTIF(IR6:IR8, $A$25:$A$200)=0),0)), ""),""),"")} | ... AGQ9: {=IFERROR(IF(SMALL(AGQ25:AGQ200,3)<=$A$8*SMALL(AGQ25:AGQ200,1),IFERROR(INDEX($A$25:$A$200, MATCH(1,(AGQ25:AGQ200=SMALL(AGQ25:AGQ200,3))*(COUNTIF(AGQ6:AGQ8, $A$25:$A$200)=0),0)), ""),""),"")}
B10: {=IFERROR(IF(SMALL(B25:B118,4)<=$A$8*SMALL(B25:B118,1),IFERROR(INDEX($A$25:$A$118, MATCH(1,(B25:B118=SMALL(B25:B118,4))*(COUNTIF(B6:B9, $A$25:$A$118)=0),0)), ""),""),"")} | C10: {=IFERROR(IF(SMALL(C25:C118,4)<=$A$8*SMALL(C25:C118,1),IFERROR(INDEX($A$25:$A$118, MATCH(1,(C25:C118=SMALL(C25:C118,4))*(COUNTIF(C6:C9, $A$25:$A$118)=0),0)), ""),""),"")} | D10: {=IFERROR(IF(SMALL(D25:D118,4)<=$A$8*SMALL(D25:D118,1),IFERROR(INDEX($A$25:$A$118, MATCH(1,(D25:D118=SMALL(D25:D118,4))*(COUNTIF(D6:D9, $A$25:$A$118)=0),0)), ""),""),"")} -> ORB-SLAM3 | E10: {=IFERROR(IF(SMALL(E25:E118,4)<=$A$8*SMALL(E25:E118,1),IFERROR(INDEX($A$25:$A$118, MATCH(1,(E25:E118=SMALL(E25:E118,4))*(COUNTIF(E6:E9, $A$25:$A$118)=0),0)), ""),""),"")} -> Basalt | F10: {=IFERROR(IF(SMALL(F25:F118,4)<=$A$8*SMALL(F25:F118,1),IFERROR(INDEX($A$25:$A$118, MATCH(1,(F25:F118=SMALL(F25:F118,4))*(COUNTIF(F6:F9, $A$25:$A$118)=0),0)), ""),""),"")} | G10: {=IFERROR(IF(SMALL(G25:G118,4)<=$A$8*SMALL(G25:G118,1),IFERROR(INDEX($A$25:$A$118, MATCH(1,(G25:G118=SMALL(G25:G118,4))*(COUNTIF(G6:G9, $A$25:$A$118)=0),0)), ""),""),"")} | H10: {=IFERROR(IF(SMALL(H25:H118,4)<=$A$8*SMALL(H25:H118,1),IFERROR(INDEX($A$25:$A$118, MATCH(1,(H25:H118=SMALL(H25:H118,4))*(COUNTIF(H6:H9, $A$25:$A$118)=0),0)), ""),""),"")} | I10: {=IFERROR(IF(SMALL(I25:I118,4)<=$A$8*SMALL(I25:I118,1),IFERROR(INDEX($A$25:$A$118, MATCH(1,(I25:I118=SMALL(I25:I118,4))*(COUNTIF(I6:I9, $A$25:$A$118)=0),0)), ""),""),"")} | ... DZ10: {=IFERROR(IF(SMALL(DZ25:DZ118,4)<=$A$8*SMALL(DZ25:DZ118,1),IFERROR(INDEX($A$25:$A$118, MATCH(1,(DZ25:DZ118=SMALL(DZ25:DZ118,4))*(COUNTIF(DZ6:DZ9, $A$25:$A$118)=0),0)), ""),""),"")} | EC10: {=IFERROR(IF(SMALL(EC25:EC118,4)<=$A$8*SMALL(EC25:EC118,1),IFERROR(INDEX($A$25:$A$118, MATCH(1,(EC25:EC118=SMALL(EC25:EC118,4))*(COUNTIF(EC6:EC9, $A$25:$A$118)=0),0)), ""),""),"")} -> SVO2 | EF10: {=IFERROR(IF(SMALL(EF25:EF118,4)<=$A$8*SMALL(EF25:EF118,1),IFERROR(INDEX($A$25:$A$118, MATCH(1,(EF25:EF118=SMALL(EF25:EF118,4))*(COUNTIF(EF6:EF9, $A$25:$A$118)=0),0)), ""),""),"")} -> ORB-SLAM3 | EH10: {=IFERROR(IF(SMALL(EH25:EH118,4)<=$A$8*SMALL(EH25:EH118,1),IFERROR(INDEX($A$25:$A$118, MATCH(1,(EH25:EH118=SMALL(EH25:EH118,4))*(COUNTIF(EH6:EH9, $A$25:$A$118)=0),0)), ""),""),"")} | EI10: {=IFERROR(IF(SMALL(EI25:EI118,4)<=$A$8*SMALL(EI25:EI118,1),IFERROR(INDEX($A$25:$A$118, MATCH(1,(EI25:EI118=SMALL(EI25:EI118,4))*(COUNTIF(EI6:EI9, $A$25:$A$118)=0),0)), ""),""),"")} -> LOAM | EJ10: {=IFERROR(IF(SMALL(EJ25:EJ118,4)<=$A$8*SMALL(EJ25:EJ118,1),IFERROR(INDEX($A$25:$A$118, MATCH(1,(EJ25:EJ118=SMALL(EJ25:EJ118,4))*(COUNTIF(EJ6:EJ9, $A$25:$A$118)=0),0)), ""),""),"")} | EK10: {=IFERROR(IF(SMALL(EK25:EK118,4)<=$A$8*SMALL(EK25:EK118,1),IFERROR(INDEX($A$25:$A$118, MATCH(1,(EK25:EK118=SMALL(EK25:EK118,4))*(COUNTIF(EK6:EK9, $A$25:$A$118)=0),0)), ""),""),"")} -> LOAM | EL10: {=IFERROR(IF(SMALL(EL25:EL118,4)<=$A$8*SMALL(EL25:EL118,1),IFERROR(INDEX($A$25:$A$118, MATCH(1,(EL25:EL118=SMALL(EL25:EL118,4))*(COUNTIF(EL6:EL9, $A$25:$A$118)=0),0)), ""),""),"")} | EM10: {=IFERROR(IF(SMALL(EM25:EM118,4)<=$A$8*SMALL(EM25:EM118,1),IFERROR(INDEX($A$25:$A$118, MATCH(1,(EM25:EM118=SMALL(EM25:EM118,4))*(COUNTIF(EM6:EM9, $A$25:$A$118)=0),0)), ""),""),"")} | EN10: {=IFERROR(IF(SMALL(EN25:EN118,4)<=$A$8*SMALL(EN25:EN118,1),IFERROR(INDEX($A$25:$A$118, MATCH(1,(EN25:EN118=SMALL(EN25:EN118,4))*(COUNTIF(EN6:EN9, $A$25:$A$118)=0),0)), ""),""),"")} -> DV-LOAM | EO10: {=IFERROR(IF(SMALL(EO25:EO118,4)<=$A$8*SMALL(EO25:EO118,1),IFERROR(INDEX($A$25:$A$118, MATCH(1,(EO25:EO118=SMALL(EO25:EO118,4))*(COUNTIF(EO6:EO9, $A$25:$A$118)=0),0)), ""),""),"")} -> RTAB-MAP S2S | ... ER10: {=IFERROR(IF(SMALL(ER25:ER118,4)<=$A$8*SMALL(ER25:ER118,1),IFERROR(INDEX($A$25:$A$118, MATCH(1,(ER25:ER118=SMALL(ER25:ER118,4))*(COUNTIF(ER6:ER9, $A$25:$A$118)=0),0)), ""),""),"")} | ES10: {=IFERROR(IF(SMALL(ES25:ES126,4)<=$A$8*SMALL(ES25:ES126,1),IFERROR(INDEX($A$25:$A$126, MATCH(1,(ES25:ES126=SMALL(ES25:ES126,4))*(COUNTIF(ES6:ES9, $A$25:$A$126)=0),0)), ""),""),"")} | ET10: {=IFERROR(IF(SMALL(ET25:ET126,4)<=$A$8*SMALL(ET25:ET126,1),IFERROR(INDEX($A$25:$A$126, MATCH(1,(ET25:ET126=SMALL(ET25:ET126,4))*(COUNTIF(ET6:ET9, $A$25:$A$126)=0),0)), ""),""),"")} | EU10: {=IFERROR(IF(SMALL(EU25:EU126,4)<=$A$8*SMALL(EU25:EU126,1),IFERROR(INDEX($A$25:$A$126, MATCH(1,(EU25:EU126=SMALL(EU25:EU126,4))*(COUNTIF(EU6:EU9, $A$25:$A$126)=0),0)), ""),""),"")} | EV10: {=IFERROR(IF(SMALL(EV25:EV126,4)<=$A$8*SMALL(EV25:EV126,1),IFERROR(INDEX($A$25:$A$126, MATCH(1,(EV25:EV126=SMALL(EV25:EV126,4))*(COUNTIF(EV6:EV9, $A$25:$A$126)=0),0)), ""),""),"")} | EW10: {=IFERROR(IF(SMALL(EW25:EW126,4)<=$A$8*SMALL(EW25:EW126,1),IFERROR(INDEX($A$25:$A$126, MATCH(1,(EW25:EW126=SMALL(EW25:EW126,4))*(COUNTIF(EW6:EW9, $A$25:$A$126)=0),0)), ""),""),"")} | EX10: {=IFERROR(IF(SMALL(EX25:EX126,4)<=$A$8*SMALL(EX25:EX126,1),IFERROR(INDEX($A$25:$A$126, MATCH(1,(EX25:EX126=SMALL(EX25:EX126,4))*(COUNTIF(EX6:EX9, $A$25:$A$126)=0),0)), ""),""),"")} | EY10: {=IFERROR(IF(SMALL(EY25:EY126,4)<=$A$8*SMALL(EY25:EY126,1),IFERROR(INDEX($A$25:$A$126, MATCH(1,(EY25:EY126=SMALL(EY25:EY126,4))*(COUNTIF(EY6:EY9, $A$25:$A$126)=0),0)), ""),""),"")} | EZ10: {=IFERROR(IF(SMALL(EZ25:EZ126,4)<=$A$8*SMALL(EZ25:EZ126,1),IFERROR(INDEX($A$25:$A$126, MATCH(1,(EZ25:EZ126=SMALL(EZ25:EZ126,4))*(COUNTIF(EZ6:EZ9, $A$25:$A$126)=0),0)), ""),""),"")} | ... IJ10: {=IFERROR(IF(SMALL(IJ25:IJ126,4)<=$A$8*SMALL(IJ25:IJ126,1),IFERROR(INDEX($A$25:$A$126, MATCH(1,(IJ25:IJ126=SMALL(IJ25:IJ126,4))*(COUNTIF(IJ6:IJ9, $A$25:$A$126)=0),0)), ""),""),"")} | IK10: {=IFERROR(IF(SMALL(IK25:IK200,4)<=$A$8*SMALL(IK25:IK200,1),IFERROR(INDEX($A$25:$A$200, MATCH(1,(IK25:IK200=SMALL(IK25:IK200,4))*(COUNTIF(IK6:IK9, $A$25:$A$200)=0),0)), ""),""),"")} -> Plane-Edge-SLAM | IL10: {=IFERROR(IF(SMALL(IL25:IL200,4)<=$A$8*SMALL(IL25:IL200,1),IFERROR(INDEX($A$25:$A$200, MATCH(1,(IL25:IL200=SMALL(IL25:IL200,4))*(COUNTIF(IL6:IL9, $A$25:$A$200)=0),0)), ""),""),"")} | IM10: {=IFERROR(IF(SMALL(IM25:IM200,4)<=$A$8*SMALL(IM25:IM200,1),IFERROR(INDEX($A$25:$A$200, MATCH(1,(IM25:IM200=SMALL(IM25:IM200,4))*(COUNTIF(IM6:IM9, $A$25:$A$200)=0),0)), ""),""),"")} | IN10: {=IFERROR(IF(SMALL(IN25:IN200,4)<=$A$8*SMALL(IN25:IN200,1),IFERROR(INDEX($A$25:$A$200, MATCH(1,(IN25:IN200=SMALL(IN25:IN200,4))*(COUNTIF(IN6:IN9, $A$25:$A$200)=0),0)), ""),""),"")} | IO10: {=IFERROR(IF(SMALL(IO25:IO200,4)<=$A$8*SMALL(IO25:IO200,1),IFERROR(INDEX($A$25:$A$200, MATCH(1,(IO25:IO200=SMALL(IO25:IO200,4))*(COUNTIF(IO6:IO9, $A$25:$A$200)=0),0)), ""),""),"")} | IP10: {=IFERROR(IF(SMALL(IP25:IP200,4)<=$A$8*SMALL(IP25:IP200,1),IFERROR(INDEX($A$25:$A$200, MATCH(1,(IP25:IP200=SMALL(IP25:IP200,4))*(COUNTIF(IP6:IP9, $A$25:$A$200)=0),0)), ""),""),"")} | IQ10: {=IFERROR(IF(SMALL(IQ25:IQ200,4)<=$A$8*SMALL(IQ25:IQ200,1),IFERROR(INDEX($A$25:$A$200, MATCH(1,(IQ25:IQ200=SMALL(IQ25:IQ200,4))*(COUNTIF(IQ6:IQ9, $A$25:$A$200)=0),0)), ""),""),"")} | IR10: {=IFERROR(IF(SMALL(IR25:IR200,4)<=$A$8*SMALL(IR25:IR200,1),IFERROR(INDEX($A$25:$A$200, MATCH(1,(IR25:IR200=SMALL(IR25:IR200,4))*(COUNTIF(IR6:IR9, $A$25:$A$200)=0),0)), ""),""),"")} | ... AGQ10: {=IFERROR(IF(SMALL(AGQ25:AGQ200,4)<=$A$8*SMALL(AGQ25:AGQ200,1),IFERROR(INDEX($A$25:$A$200, MATCH(1,(AGQ25:AGQ200=SMALL(AGQ25:AGQ200,4))*(COUNTIF(AGQ6:AGQ9, $A$25:$A$200)=0),0)), ""),""),"")}
B11: {=IFERROR(IF(SMALL(B25:B118,4)<=$A$8*SMALL(B25:B118,1),IFERROR(INDEX($A$25:$A$118, MATCH(1,(B25:B118=SMALL(B25:B118,4))*(COUNTIF(B6:B10, $A$25:$A$118)=0),0)), ""),""),"")} | C11: {=IFERROR(IF(SMALL(C25:C118,4)<=$A$8*SMALL(C25:C118,1),IFERROR(INDEX($A$25:$A$118, MATCH(1,(C25:C118=SMALL(C25:C118,4))*(COUNTIF(C6:C10, $A$25:$A$118)=0),0)), ""),""),"")} | D11: {=IFERROR(IF(SMALL(D25:D118,4)<=$A$8*SMALL(D25:D118,1),IFERROR(INDEX($A$25:$A$118, MATCH(1,(D25:D118=SMALL(D25:D118,4))*(COUNTIF(D6:D10, $A$25:$A$118)=0),0)), ""),""),"")} | E11: {=IFERROR(IF(SMALL(E25:E118,4)<=$A$8*SMALL(E25:E118,1),IFERROR(INDEX($A$25:$A$118, MATCH(1,(E25:E118=SMALL(E25:E118,4))*(COUNTIF(E6:E10, $A$25:$A$118)=0),0)), ""),""),"")} | F11: {=IFERROR(IF(SMALL(F25:F118,4)<=$A$8*SMALL(F25:F118,1),IFERROR(INDEX($A$25:$A$118, MATCH(1,(F25:F118=SMALL(F25:F118,4))*(COUNTIF(F6:F10, $A$25:$A$118)=0),0)), ""),""),"")} | G11: {=IFERROR(IF(SMALL(G25:G118,4)<=$A$8*SMALL(G25:G118,1),IFERROR(INDEX($A$25:$A$118, MATCH(1,(G25:G118=SMALL(G25:G118,4))*(COUNTIF(G6:G10, $A$25:$A$118)=0),0)), ""),""),"")} | H11: {=IFERROR(IF(SMALL(H25:H118,4)<=$A$8*SMALL(H25:H118,1),IFERROR(INDEX($A$25:$A$118, MATCH(1,(H25:H118=SMALL(H25:H118,4))*(COUNTIF(H6:H10, $A$25:$A$118)=0),0)), ""),""),"")} | I11: {=IFERROR(IF(SMALL(I25:I118,4)<=$A$8*SMALL(I25:I118,1),IFERROR(INDEX($A$25:$A$118, MATCH(1,(I25:I118=SMALL(I25:I118,4))*(COUNTIF(I6:I10, $A$25:$A$118)=0),0)), ""),""),"")} | ... DZ11: {=IFERROR(IF(SMALL(DZ25:DZ118,4)<=$A$8*SMALL(DZ25:DZ118,1),IFERROR(INDEX($A$25:$A$118, MATCH(1,(DZ25:DZ118=SMALL(DZ25:DZ118,4))*(COUNTIF(DZ6:DZ10, $A$25:$A$118)=0),0)), ""),""),"")} | EC11: {=IFERROR(IF(SMALL(EC25:EC118,4)<=$A$8*SMALL(EC25:EC118,1),IFERROR(INDEX($A$25:$A$118, MATCH(1,(EC25:EC118=SMALL(EC25:EC118,4))*(COUNTIF(EC6:EC10, $A$25:$A$118)=0),0)), ""),""),"")} | EF11: {=IFERROR(IF(SMALL(EF25:EF118,4)<=$A$8*SMALL(EF25:EF118,1),IFERROR(INDEX($A$25:$A$118, MATCH(1,(EF25:EF118=SMALL(EF25:EF118,4))*(COUNTIF(EF6:EF10, $A$25:$A$118)=0),0)), ""),""),"")} | EH11: {=IFERROR(IF(SMALL(EH25:EH118,4)<=$A$8*SMALL(EH25:EH118,1),IFERROR(INDEX($A$25:$A$118, MATCH(1,(EH25:EH118=SMALL(EH25:EH118,4))*(COUNTIF(EH6:EH10, $A$25:$A$118)=0),0)), ""),""),"")} | EI11: {=IFERROR(IF(SMALL(EI25:EI118,4)<=$A$8*SMALL(EI25:EI118,1),IFERROR(INDEX($A$25:$A$118, MATCH(1,(EI25:EI118=SMALL(EI25:EI118,4))*(COUNTIF(EI6:EI10, $A$25:$A$118)=0),0)), ""),""),"")} | EJ11: {=IFERROR(IF(SMALL(EJ25:EJ118,4)<=$A$8*SMALL(EJ25:EJ118,1),IFERROR(INDEX($A$25:$A$118, MATCH(1,(EJ25:EJ118=SMALL(EJ25:EJ118,4))*(COUNTIF(EJ6:EJ10, $A$25:$A$118)=0),0)), ""),""),"")} | EK11: {=IFERROR(IF(SMALL(EK25:EK118,4)<=$A$8*SMALL(EK25:EK118,1),IFERROR(INDEX($A$25:$A$118, MATCH(1,(EK25:EK118=SMALL(EK25:EK118,4))*(COUNTIF(EK6:EK10, $A$25:$A$118)=0),0)), ""),""),"")} | EL11: {=IFERROR(IF(SMALL(EL25:EL118,4)<=$A$8*SMALL(EL25:EL118,1),IFERROR(INDEX($A$25:$A$118, MATCH(1,(EL25:EL118=SMALL(EL25:EL118,4))*(COUNTIF(EL6:EL10, $A$25:$A$118)=0),0)), ""),""),"")} | EM11: {=IFERROR(IF(SMALL(EM25:EM118,4)<=$A$8*SMALL(EM25:EM118,1),IFERROR(INDEX($A$25:$A$118, MATCH(1,(EM25:EM118=SMALL(EM25:EM118,4))*(COUNTIF(EM6:EM10, $A$25:$A$118)=0),0)), ""),""),"")} | EN11: {=IFERROR(IF(SMALL(EN25:EN118,4)<=$A$8*SMALL(EN25:EN118,1),IFERROR(INDEX($A$25:$A$118, MATCH(1,(EN25:EN118=SMALL(EN25:EN118,4))*(COUNTIF(EN6:EN10, $A$25:$A$118)=0),0)), ""),""),"")} | EO11: {=IFERROR(IF(SMALL(EO25:EO118,4)<=$A$8*SMALL(EO25:EO118,1),IFERROR(INDEX($A$25:$A$118, MATCH(1,(EO25:EO118=SMALL(EO25:EO118,4))*(COUNTIF(EO6:EO10, $A$25:$A$118)=0),0)), ""),""),"")} -> RTAB-MAP S2M | ... ER11: {=IFERROR(IF(SMALL(ER25:ER118,4)<=$A$8*SMALL(ER25:ER118,1),IFERROR(INDEX($A$25:$A$118, MATCH(1,(ER25:ER118=SMALL(ER25:ER118,4))*(COUNTIF(ER6:ER10, $A$25:$A$118)=0),0)), ""),""),"")} | ES11: {=IFERROR(IF(SMALL(ES25:ES126,4)<=$A$8*SMALL(ES25:ES126,1),IFERROR(INDEX($A$25:$A$126, MATCH(1,(ES25:ES126=SMALL(ES25:ES126,4))*(COUNTIF(ES6:ES10, $A$25:$A$126)=0),0)), ""),""),"")} | ET11: {=IFERROR(IF(SMALL(ET25:ET126,4)<=$A$8*SMALL(ET25:ET126,1),IFERROR(INDEX($A$25:$A$126, MATCH(1,(ET25:ET126=SMALL(ET25:ET126,4))*(COUNTIF(ET6:ET10, $A$25:$A$126)=0),0)), ""),""),"")} | EU11: {=IFERROR(IF(SMALL(EU25:EU126,4)<=$A$8*SMALL(EU25:EU126,1),IFERROR(INDEX($A$25:$A$126, MATCH(1,(EU25:EU126=SMALL(EU25:EU126,4))*(COUNTIF(EU6:EU10, $A$25:$A$126)=0),0)), ""),""),"")} | EV11: {=IFERROR(IF(SMALL(EV25:EV126,4)<=$A$8*SMALL(EV25:EV126,1),IFERROR(INDEX($A$25:$A$126, MATCH(1,(EV25:EV126=SMALL(EV25:EV126,4))*(COUNTIF(EV6:EV10, $A$25:$A$126)=0),0)), ""),""),"")} | EW11: {=IFERROR(IF(SMALL(EW25:EW126,4)<=$A$8*SMALL(EW25:EW126,1),IFERROR(INDEX($A$25:$A$126, MATCH(1,(EW25:EW126=SMALL(EW25:EW126,4))*(COUNTIF(EW6:EW10, $A$25:$A$126)=0),0)), ""),""),"")} | EX11: {=IFERROR(IF(SMALL(EX25:EX126,4)<=$A$8*SMALL(EX25:EX126,1),IFERROR(INDEX($A$25:$A$126, MATCH(1,(EX25:EX126=SMALL(EX25:EX126,4))*(COUNTIF(EX6:EX10, $A$25:$A$126)=0),0)), ""),""),"")} | EY11: {=IFERROR(IF(SMALL(EY25:EY126,4)<=$A$8*SMALL(EY25:EY126,1),IFERROR(INDEX($A$25:$A$126, MATCH(1,(EY25:EY126=SMALL(EY25:EY126,4))*(COUNTIF(EY6:EY10, $A$25:$A$126)=0),0)), ""),""),"")} | EZ11: {=IFERROR(IF(SMALL(EZ25:EZ126,4)<=$A$8*SMALL(EZ25:EZ126,1),IFERROR(INDEX($A$25:$A$126, MATCH(1,(EZ25:EZ126=SMALL(EZ25:EZ126,4))*(COUNTIF(EZ6:EZ10, $A$25:$A$126)=0),0)), ""),""),"")} | ... IJ11: {=IFERROR(IF(SMALL(IJ25:IJ126,4)<=$A$8*SMALL(IJ25:IJ126,1),IFERROR(INDEX($A$25:$A$126, MATCH(1,(IJ25:IJ126=SMALL(IJ25:IJ126,4))*(COUNTIF(IJ6:IJ10, $A$25:$A$126)=0),0)), ""),""),"")} | IK11: {=IFERROR(IF(SMALL(IK25:IK200,4)<=$A$8*SMALL(IK25:IK200,1),IFERROR(INDEX($A$25:$A$200, MATCH(1,(IK25:IK200=SMALL(IK25:IK200,4))*(COUNTIF(IK6:IK10, $A$25:$A$200)=0),0)), ""),""),"")} | IL11: {=IFERROR(IF(SMALL(IL25:IL200,4)<=$A$8*SMALL(IL25:IL200,1),IFERROR(INDEX($A$25:$A$200, MATCH(1,(IL25:IL200=SMALL(IL25:IL200,4))*(COUNTIF(IL6:IL10, $A$25:$A$200)=0),0)), ""),""),"")} | IM11: {=IFERROR(IF(SMALL(IM25:IM200,4)<=$A$8*SMALL(IM25:IM200,1),IFERROR(INDEX($A$25:$A$200, MATCH(1,(IM25:IM200=SMALL(IM25:IM200,4))*(COUNTIF(IM6:IM10, $A$25:$A$200)=0),0)), ""),""),"")} | IN11: {=IFERROR(IF(SMALL(IN25:IN200,4)<=$A$8*SMALL(IN25:IN200,1),IFERROR(INDEX($A$25:$A$200, MATCH(1,(IN25:IN200=SMALL(IN25:IN200,4))*(COUNTIF(IN6:IN10, $A$25:$A$200)=0),0)), ""),""),"")} | IO11: {=IFERROR(IF(SMALL(IO25:IO200,4)<=$A$8*SMALL(IO25:IO200,1),IFERROR(INDEX($A$25:$A$200, MATCH(1,(IO25:IO200=SMALL(IO25:IO200,4))*(COUNTIF(IO6:IO10, $A$25:$A$200)=0),0)), ""),""),"")} | IP11: {=IFERROR(IF(SMALL(IP25:IP200,4)<=$A$8*SMALL(IP25:IP200,1),IFERROR(INDEX($A$25:$A$200, MATCH(1,(IP25:IP200=SMALL(IP25:IP200,4))*(COUNTIF(IP6:IP10, $A$25:$A$200)=0),0)), ""),""),"")} | IQ11: {=IFERROR(IF(SMALL(IQ25:IQ200,4)<=$A$8*SMALL(IQ25:IQ200,1),IFERROR(INDEX($A$25:$A$200, MATCH(1,(IQ25:IQ200=SMALL(IQ25:IQ200,4))*(COUNTIF(IQ6:IQ10, $A$25:$A$200)=0),0)), ""),""),"")} | IR11: {=IFERROR(IF(SMALL(IR25:IR200,4)<=$A$8*SMALL(IR25:IR200,1),IFERROR(INDEX($A$25:$A$200, MATCH(1,(IR25:IR200=SMALL(IR25:IR200,4))*(COUNTIF(IR6:IR10, $A$25:$A$200)=0),0)), ""),""),"")} | ... AGQ11: {=IFERROR(IF(SMALL(AGQ25:AGQ200,4)<=$A$8*SMALL(AGQ25:AGQ200,1),IFERROR(INDEX($A$25:$A$200, MATCH(1,(AGQ25:AGQ200=SMALL(AGQ25:AGQ200,4))*(COUNTIF(AGQ6:AGQ10, $A$25:$A$200)=0),0)), ""),""),"")}
B12: {=IFERROR(IF(SMALL(B25:B118,5)<=$A$8*SMALL(B25:B118,1),IFERROR(INDEX($A$25:$A$118, MATCH(1,(B25:B118=SMALL(B25:B118,5))*(COUNTIF(B3:B11, $A$25:$A$118)=0),0)), ""),""),"")} | C12: {=IFERROR(IF(SMALL(C25:C118,5)<=$A$8*SMALL(C25:C118,1),IFERROR(INDEX($A$25:$A$118, MATCH(1,(C25:C118=SMALL(C25:C118,5))*(COUNTIF(C3:C11, $A$25:$A$118)=0),0)), ""),""),"")} | D12: {=IFERROR(IF(SMALL(D25:D118,5)<=$A$8*SMALL(D25:D118,1),IFERROR(INDEX($A$25:$A$118, MATCH(1,(D25:D118=SMALL(D25:D118,5))*(COUNTIF(D3:D11, $A$25:$A$118)=0),0)), ""),""),"")} -> VINS-Mono | E12: {=IFERROR(IF(SMALL(E25:E118,5)<=$A$8*SMALL(E25:E118,1),IFERROR(INDEX($A$25:$A$118, MATCH(1,(E25:E118=SMALL(E25:E118,5))*(COUNTIF(E3:E11, $A$25:$A$118)=0),0)), ""),""),"")} -> OpenVINS | F12: {=IFERROR(IF(SMALL(F25:F118,5)<=$A$8*SMALL(F25:F118,1),IFERROR(INDEX($A$25:$A$118, MATCH(1,(F25:F118=SMALL(F25:F118,5))*(COUNTIF(F3:F11, $A$25:$A$118)=0),0)), ""),""),"")} | G12: {=IFERROR(IF(SMALL(G25:G118,5)<=$A$8*SMALL(G25:G118,1),IFERROR(INDEX($A$25:$A$118, MATCH(1,(G25:G118=SMALL(G25:G118,5))*(COUNTIF(G3:G11, $A$25:$A$118)=0),0)), ""),""),"")} | H12: {=IFERROR(IF(SMALL(H25:H118,5)<=$A$8*SMALL(H25:H118,1),IFERROR(INDEX($A$25:$A$118, MATCH(1,(H25:H118=SMALL(H25:H118,5))*(COUNTIF(H3:H11, $A$25:$A$118)=0),0)), ""),""),"")} | I12: {=IFERROR(IF(SMALL(I25:I118,5)<=$A$8*SMALL(I25:I118,1),IFERROR(INDEX($A$25:$A$118, MATCH(1,(I25:I118=SMALL(I25:I118,5))*(COUNTIF(I3:I11, $A$25:$A$118)=0),0)), ""),""),"")} | ... DZ12: {=IFERROR(IF(SMALL(DZ25:DZ118,5)<=$A$8*SMALL(DZ25:DZ118,1),IFERROR(INDEX($A$25:$A$118, MATCH(1,(DZ25:DZ118=SMALL(DZ25:DZ118,5))*(COUNTIF(DZ3:DZ11, $A$25:$A$118)=0),0)), ""),""),"")} | EC12: {=IFERROR(IF(SMALL(EC25:EC118,5)<=$A$8*SMALL(EC25:EC118,1),IFERROR(INDEX($A$25:$A$118, MATCH(1,(EC25:EC118=SMALL(EC25:EC118,5))*(COUNTIF(EC3:EC11, $A$25:$A$118)=0),0)), ""),""),"")} -> LOAM | EF12: {=IFERROR(IF(SMALL(EF25:EF118,5)<=$A$8*SMALL(EF25:EF118,1),IFERROR(INDEX($A$25:$A$118, MATCH(1,(EF25:EF118=SMALL(EF25:EF118,5))*(COUNTIF(EF3:EF11, $A$25:$A$118)=0),0)), ""),""),"")} -> LOAM | EH12: {=IFERROR(IF(SMALL(EH25:EH118,5)<=$A$8*SMALL(EH25:EH118,1),IFERROR(INDEX($A$25:$A$118, MATCH(1,(EH25:EH118=SMALL(EH25:EH118,5))*(COUNTIF(EH3:EH11, $A$25:$A$118)=0),0)), ""),""),"")} | EI12: {=IFERROR(IF(SMALL(EI25:EI118,5)<=$A$8*SMALL(EI25:EI118,1),IFERROR(INDEX($A$25:$A$118, MATCH(1,(EI25:EI118=SMALL(EI25:EI118,5))*(COUNTIF(EI3:EI11, $A$25:$A$118)=0),0)), ""),""),"")} -> RTAB-MAP S2S | EJ12: {=IFERROR(IF(SMALL(EJ25:EJ118,5)<=$A$8*SMALL(EJ25:EJ118,1),IFERROR(INDEX($A$25:$A$118, MATCH(1,(EJ25:EJ118=SMALL(EJ25:EJ118,5))*(COUNTIF(EJ3:EJ11, $A$25:$A$118)=0),0)), ""),""),"")} | EK12: {=IFERROR(IF(SMALL(EK25:EK118,5)<=$A$8*SMALL(EK25:EK118,1),IFERROR(INDEX($A$25:$A$118, MATCH(1,(EK25:EK118=SMALL(EK25:EK118,5))*(COUNTIF(EK3:EK11, $A$25:$A$118)=0),0)), ""),""),"")} | EL12: {=IFERROR(IF(SMALL(EL25:EL118,5)<=$A$8*SMALL(EL25:EL118,1),IFERROR(INDEX($A$25:$A$118, MATCH(1,(EL25:EL118=SMALL(EL25:EL118,5))*(COUNTIF(EL3:EL11, $A$25:$A$118)=0),0)), ""),""),"")} | EM12: {=IFERROR(IF(SMALL(EM25:EM118,5)<=$A$8*SMALL(EM25:EM118,1),IFERROR(INDEX($A$25:$A$118, MATCH(1,(EM25:EM118=SMALL(EM25:EM118,5))*(COUNTIF(EM3:EM11, $A$25:$A$118)=0),0)), ""),""),"")} | EN12: {=IFERROR(IF(SMALL(EN25:EN118,5)<=$A$8*SMALL(EN25:EN118,1),IFERROR(INDEX($A$25:$A$118, MATCH(1,(EN25:EN118=SMALL(EN25:EN118,5))*(COUNTIF(EN3:EN11, $A$25:$A$118)=0),0)), ""),""),"")} | EO12: {=IFERROR(IF(SMALL(EO25:EO118,5)<=$A$8*SMALL(EO25:EO118,1),IFERROR(INDEX($A$25:$A$118, MATCH(1,(EO25:EO118=SMALL(EO25:EO118,5))*(COUNTIF(EO3:EO11, $A$25:$A$118)=0),0)), ""),""),"")} | ... ER12: {=IFERROR(IF(SMALL(ER25:ER118,5)<=$A$8*SMALL(ER25:ER118,1),IFERROR(INDEX($A$25:$A$118, MATCH(1,(ER25:ER118=SMALL(ER25:ER118,5))*(COUNTIF(ER3:ER11, $A$25:$A$118)=0),0)), ""),""),"")} | ES12: {=IFERROR(IF(SMALL(ES25:ES126,5)<=$A$8*SMALL(ES25:ES126,1),IFERROR(INDEX($A$25:$A$126, MATCH(1,(ES25:ES126=SMALL(ES25:ES126,5))*(COUNTIF(ES3:ES11, $A$25:$A$126)=0),0)), ""),""),"")} | ET12: {=IFERROR(IF(SMALL(ET25:ET126,5)<=$A$8*SMALL(ET25:ET126,1),IFERROR(INDEX($A$25:$A$126, MATCH(1,(ET25:ET126=SMALL(ET25:ET126,5))*(COUNTIF(ET3:ET11, $A$25:$A$126)=0),0)), ""),""),"")} | EU12: {=IFERROR(IF(SMALL(EU25:EU126,5)<=$A$8*SMALL(EU25:EU126,1),IFERROR(INDEX($A$25:$A$126, MATCH(1,(EU25:EU126=SMALL(EU25:EU126,5))*(COUNTIF(EU3:EU11, $A$25:$A$126)=0),0)), ""),""),"")} | EV12: {=IFERROR(IF(SMALL(EV25:EV126,5)<=$A$8*SMALL(EV25:EV126,1),IFERROR(INDEX($A$25:$A$126, MATCH(1,(EV25:EV126=SMALL(EV25:EV126,5))*(COUNTIF(EV3:EV11, $A$25:$A$126)=0),0)), ""),""),"")} | EW12: {=IFERROR(IF(SMALL(EW25:EW126,5)<=$A$8*SMALL(EW25:EW126,1),IFERROR(INDEX($A$25:$A$126, MATCH(1,(EW25:EW126=SMALL(EW25:EW126,5))*(COUNTIF(EW3:EW11, $A$25:$A$126)=0),0)), ""),""),"")} | EX12: {=IFERROR(IF(SMALL(EX25:EX126,5)<=$A$8*SMALL(EX25:EX126,1),IFERROR(INDEX($A$25:$A$126, MATCH(1,(EX25:EX126=SMALL(EX25:EX126,5))*(COUNTIF(EX3:EX11, $A$25:$A$126)=0),0)), ""),""),"")} | EY12: {=IFERROR(IF(SMALL(EY25:EY126,5)<=$A$8*SMALL(EY25:EY126,1),IFERROR(INDEX($A$25:$A$126, MATCH(1,(EY25:EY126=SMALL(EY25:EY126,5))*(COUNTIF(EY3:EY11, $A$25:$A$126)=0),0)), ""),""),"")} | EZ12: {=IFERROR(IF(SMALL(EZ25:EZ126,5)<=$A$8*SMALL(EZ25:EZ126,1),IFERROR(INDEX($A$25:$A$126, MATCH(1,(EZ25:EZ126=SMALL(EZ25:EZ126,5))*(COUNTIF(EZ3:EZ11, $A$25:$A$126)=0),0)), ""),""),"")} | ... IJ12: {=IFERROR(IF(SMALL(IJ25:IJ126,5)<=$A$8*SMALL(IJ25:IJ126,1),IFERROR(INDEX($A$25:$A$126, MATCH(1,(IJ25:IJ126=SMALL(IJ25:IJ126,5))*(COUNTIF(IJ3:IJ11, $A$25:$A$126)=0),0)), ""),""),"")} | IK12: {=IFERROR(IF(SMALL(IK25:IK200,5)<=$A$8*SMALL(IK25:IK200,1),IFERROR(INDEX($A$25:$A$200, MATCH(1,(IK25:IK200=SMALL(IK25:IK200,5))*(COUNTIF(IK3:IK11, $A$25:$A$200)=0),0)), ""),""),"")} | IL12: {=IFERROR(IF(SMALL(IL25:IL200,5)<=$A$8*SMALL(IL25:IL200,1),IFERROR(INDEX($A$25:$A$200, MATCH(1,(IL25:IL200=SMALL(IL25:IL200,5))*(COUNTIF(IL3:IL11, $A$25:$A$200)=0),0)), ""),""),"")} | IM12: {=IFERROR(IF(SMALL(IM25:IM200,5)<=$A$8*SMALL(IM25:IM200,1),IFERROR(INDEX($A$25:$A$200, MATCH(1,(IM25:IM200=SMALL(IM25:IM200,5))*(COUNTIF(IM3:IM11, $A$25:$A$200)=0),0)), ""),""),"")} | IN12: {=IFERROR(IF(SMALL(IN25:IN200,5)<=$A$8*SMALL(IN25:IN200,1),IFERROR(INDEX($A$25:$A$200, MATCH(1,(IN25:IN200=SMALL(IN25:IN200,5))*(COUNTIF(IN3:IN11, $A$25:$A$200)=0),0)), ""),""),"")} | IO12: {=IFERROR(IF(SMALL(IO25:IO200,5)<=$A$8*SMALL(IO25:IO200,1),IFERROR(INDEX($A$25:$A$200, MATCH(1,(IO25:IO200=SMALL(IO25:IO200,5))*(COUNTIF(IO3:IO11, $A$25:$A$200)=0),0)), ""),""),"")} | IP12: {=IFERROR(IF(SMALL(IP25:IP200,5)<=$A$8*SMALL(IP25:IP200,1),IFERROR(INDEX($A$25:$A$200, MATCH(1,(IP25:IP200=SMALL(IP25:IP200,5))*(COUNTIF(IP3:IP11, $A$25:$A$200)=0),0)), ""),""),"")} | IQ12: {=IFERROR(IF(SMALL(IQ25:IQ200,5)<=$A$8*SMALL(IQ25:IQ200,1),IFERROR(INDEX($A$25:$A$200, MATCH(1,(IQ25:IQ200=SMALL(IQ25:IQ200,5))*(COUNTIF(IQ3:IQ11, $A$25:$A$200)=0),0)), ""),""),"")} | IR12: {=IFERROR(IF(SMALL(IR25:IR200,5)<=$A$8*SMALL(IR25:IR200,1),IFERROR(INDEX($A$25:$A$200, MATCH(1,(IR25:IR200=SMALL(IR25:IR200,5))*(COUNTIF(IR3:IR11, $A$25:$A$200)=0),0)), ""),""),"")} | ... AGQ12: {=IFERROR(IF(SMALL(AGQ25:AGQ200,5)<=$A$8*SMALL(AGQ25:AGQ200,1),IFERROR(INDEX($A$25:$A$200, MATCH(1,(AGQ25:AGQ200=SMALL(AGQ25:AGQ200,5))*(COUNTIF(AGQ3:AGQ11, $A$25:$A$200)=0),0)), ""),""),"")}
B13: {=IFERROR(IF(SMALL(B25:B118,5)<=$A$8*SMALL(B25:B118,1),IFERROR(INDEX($A$25:$A$118, MATCH(1,(B25:B118=SMALL(B25:B118,5))*(COUNTIF(B3:B12, $A$25:$A$118)=0),0)), ""),""),"")} | C13: {=IFERROR(IF(SMALL(C25:C118,5)<=$A$8*SMALL(C25:C118,1),IFERROR(INDEX($A$25:$A$118, MATCH(1,(C25:C118=SMALL(C25:C118,5))*(COUNTIF(C3:C12, $A$25:$A$118)=0),0)), ""),""),"")} | D13: {=IFERROR(IF(SMALL(D25:D118,5)<=$A$8*SMALL(D25:D118,1),IFERROR(INDEX($A$25:$A$118, MATCH(1,(D25:D118=SMALL(D25:D118,5))*(COUNTIF(D3:D12, $A$25:$A$118)=0),0)), ""),""),"")} | E13: {=IFERROR(IF(SMALL(E25:E118,5)<=$A$8*SMALL(E25:E118,1),IFERROR(INDEX($A$25:$A$118, MATCH(1,(E25:E118=SMALL(E25:E118,5))*(COUNTIF(E3:E12, $A$25:$A$118)=0),0)), ""),""),"")} | F13: {=IFERROR(IF(SMALL(F25:F118,5)<=$A$8*SMALL(F25:F118,1),IFERROR(INDEX($A$25:$A$118, MATCH(1,(F25:F118=SMALL(F25:F118,5))*(COUNTIF(F3:F12, $A$25:$A$118)=0),0)), ""),""),"")} | G13: {=IFERROR(IF(SMALL(G25:G118,5)<=$A$8*SMALL(G25:G118,1),IFERROR(INDEX($A$25:$A$118, MATCH(1,(G25:G118=SMALL(G25:G118,5))*(COUNTIF(G3:G12, $A$25:$A$118)=0),0)), ""),""),"")} | H13: {=IFERROR(IF(SMALL(H25:H118,5)<=$A$8*SMALL(H25:H118,1),IFERROR(INDEX($A$25:$A$118, MATCH(1,(H25:H118=SMALL(H25:H118,5))*(COUNTIF(H3:H12, $A$25:$A$118)=0),0)), ""),""),"")} | I13: {=IFERROR(IF(SMALL(I25:I118,5)<=$A$8*SMALL(I25:I118,1),IFERROR(INDEX($A$25:$A$118, MATCH(1,(I25:I118=SMALL(I25:I118,5))*(COUNTIF(I3:I12, $A$25:$A$118)=0),0)), ""),""),"")} | ... DZ13: {=IFERROR(IF(SMALL(DZ25:DZ118,5)<=$A$8*SMALL(DZ25:DZ118,1),IFERROR(INDEX($A$25:$A$118, MATCH(1,(DZ25:DZ118=SMALL(DZ25:DZ118,5))*(COUNTIF(DZ3:DZ12, $A$25:$A$118)=0),0)), ""),""),"")} | EC13: {=IFERROR(IF(SMALL(EC25:EC118,5)<=$A$8*SMALL(EC25:EC118,1),IFERROR(INDEX($A$25:$A$118, MATCH(1,(EC25:EC118=SMALL(EC25:EC118,5))*(COUNTIF(EC3:EC12, $A$25:$A$118)=0),0)), ""),""),"")} | EF13: {=IFERROR(IF(SMALL(EF25:EF118,5)<=$A$8*SMALL(EF25:EF118,1),IFERROR(INDEX($A$25:$A$118, MATCH(1,(EF25:EF118=SMALL(EF25:EF118,5))*(COUNTIF(EF3:EF12, $A$25:$A$118)=0),0)), ""),""),"")} | EH13: {=IFERROR(IF(SMALL(EH25:EH118,5)<=$A$8*SMALL(EH25:EH118,1),IFERROR(INDEX($A$25:$A$118, MATCH(1,(EH25:EH118=SMALL(EH25:EH118,5))*(COUNTIF(EH3:EH12, $A$25:$A$118)=0),0)), ""),""),"")} | EI13: {=IFERROR(IF(SMALL(EI25:EI118,5)<=$A$8*SMALL(EI25:EI118,1),IFERROR(INDEX($A$25:$A$118, MATCH(1,(EI25:EI118=SMALL(EI25:EI118,5))*(COUNTIF(EI3:EI12, $A$25:$A$118)=0),0)), ""),""),"")} | EJ13: {=IFERROR(IF(SMALL(EJ25:EJ118,5)<=$A$8*SMALL(EJ25:EJ118,1),IFERROR(INDEX($A$25:$A$118, MATCH(1,(EJ25:EJ118=SMALL(EJ25:EJ118,5))*(COUNTIF(EJ3:EJ12, $A$25:$A$118)=0),0)), ""),""),"")} | EK13: {=IFERROR(IF(SMALL(EK25:EK118,5)<=$A$8*SMALL(EK25:EK118,1),IFERROR(INDEX($A$25:$A$118, MATCH(1,(EK25:EK118=SMALL(EK25:EK118,5))*(COUNTIF(EK3:EK12, $A$25:$A$118)=0),0)), ""),""),"")} | EL13: {=IFERROR(IF(SMALL(EL25:EL118,5)<=$A$8*SMALL(EL25:EL118,1),IFERROR(INDEX($A$25:$A$118, MATCH(1,(EL25:EL118=SMALL(EL25:EL118,5))*(COUNTIF(EL3:EL12, $A$25:$A$118)=0),0)), ""),""),"")} | EM13: {=IFERROR(IF(SMALL(EM25:EM118,5)<=$A$8*SMALL(EM25:EM118,1),IFERROR(INDEX($A$25:$A$118, MATCH(1,(EM25:EM118=SMALL(EM25:EM118,5))*(COUNTIF(EM3:EM12, $A$25:$A$118)=0),0)), ""),""),"")} | EN13: {=IFERROR(IF(SMALL(EN25:EN118,5)<=$A$8*SMALL(EN25:EN118,1),IFERROR(INDEX($A$25:$A$118, MATCH(1,(EN25:EN118=SMALL(EN25:EN118,5))*(COUNTIF(EN3:EN12, $A$25:$A$118)=0),0)), ""),""),"")} | EO13: {=IFERROR(IF(SMALL(EO25:EO118,5)<=$A$8*SMALL(EO25:EO118,1),IFERROR(INDEX($A$25:$A$118, MATCH(1,(EO25:EO118=SMALL(EO25:EO118,5))*(COUNTIF(EO3:EO12, $A$25:$A$118)=0),0)), ""),""),"")} | ... ER13: {=IFERROR(IF(SMALL(ER25:ER118,5)<=$A$8*SMALL(ER25:ER118,1),IFERROR(INDEX($A$25:$A$118, MATCH(1,(ER25:ER118=SMALL(ER25:ER118,5))*(COUNTIF(ER3:ER12, $A$25:$A$118)=0),0)), ""),""),"")} | ES13: {=IFERROR(IF(SMALL(ES25:ES126,5)<=$A$8*SMALL(ES25:ES126,1),IFERROR(INDEX($A$25:$A$126, MATCH(1,(ES25:ES126=SMALL(ES25:ES126,5))*(COUNTIF(ES3:ES12, $A$25:$A$126)=0),0)), ""),""),"")} | ET13: {=IFERROR(IF(SMALL(ET25:ET126,5)<=$A$8*SMALL(ET25:ET126,1),IFERROR(INDEX($A$25:$A$126, MATCH(1,(ET25:ET126=SMALL(ET25:ET126,5))*(COUNTIF(ET3:ET12, $A$25:$A$126)=0),0)), ""),""),"")} | EU13: {=IFERROR(IF(SMALL(EU25:EU126,5)<=$A$8*SMALL(EU25:EU126,1),IFERROR(INDEX($A$25:$A$126, MATCH(1,(EU25:EU126=SMALL(EU25:EU126,5))*(COUNTIF(EU3:EU12, $A$25:$A$126)=0),0)), ""),""),"")} | EV13: {=IFERROR(IF(SMALL(EV25:EV126,5)<=$A$8*SMALL(EV25:EV126,1),IFERROR(INDEX($A$25:$A$126, MATCH(1,(EV25:EV126=SMALL(EV25:EV126,5))*(COUNTIF(EV3:EV12, $A$25:$A$126)=0),0)), ""),""),"")} | EW13: {=IFERROR(IF(SMALL(EW25:EW126,5)<=$A$8*SMALL(EW25:EW126,1),IFERROR(INDEX($A$25:$A$126, MATCH(1,(EW25:EW126=SMALL(EW25:EW126,5))*(COUNTIF(EW3:EW12, $A$25:$A$126)=0),0)), ""),""),"")} | EX13: {=IFERROR(IF(SMALL(EX25:EX126,5)<=$A$8*SMALL(EX25:EX126,1),IFERROR(INDEX($A$25:$A$126, MATCH(1,(EX25:EX126=SMALL(EX25:EX126,5))*(COUNTIF(EX3:EX12, $A$25:$A$126)=0),0)), ""),""),"")} | EY13: {=IFERROR(IF(SMALL(EY25:EY126,5)<=$A$8*SMALL(EY25:EY126,1),IFERROR(INDEX($A$25:$A$126, MATCH(1,(EY25:EY126=SMALL(EY25:EY126,5))*(COUNTIF(EY3:EY12, $A$25:$A$126)=0),0)), ""),""),"")} | EZ13: {=IFERROR(IF(SMALL(EZ25:EZ126,5)<=$A$8*SMALL(EZ25:EZ126,1),IFERROR(INDEX($A$25:$A$126, MATCH(1,(EZ25:EZ126=SMALL(EZ25:EZ126,5))*(COUNTIF(EZ3:EZ12, $A$25:$A$126)=0),0)), ""),""),"")} | ... IJ13: {=IFERROR(IF(SMALL(IJ25:IJ126,5)<=$A$8*SMALL(IJ25:IJ126,1),IFERROR(INDEX($A$25:$A$126, MATCH(1,(IJ25:IJ126=SMALL(IJ25:IJ126,5))*(COUNTIF(IJ3:IJ12, $A$25:$A$126)=0),0)), ""),""),"")} | IK13: {=IFERROR(IF(SMALL(IK25:IK200,5)<=$A$8*SMALL(IK25:IK200,1),IFERROR(INDEX($A$25:$A$200, MATCH(1,(IK25:IK200=SMALL(IK25:IK200,5))*(COUNTIF(IK3:IK12, $A$25:$A$200)=0),0)), ""),""),"")} | IL13: {=IFERROR(IF(SMALL(IL25:IL200,5)<=$A$8*SMALL(IL25:IL200,1),IFERROR(INDEX($A$25:$A$200, MATCH(1,(IL25:IL200=SMALL(IL25:IL200,5))*(COUNTIF(IL3:IL12, $A$25:$A$200)=0),0)), ""),""),"")} | IM13: {=IFERROR(IF(SMALL(IM25:IM200,5)<=$A$8*SMALL(IM25:IM200,1),IFERROR(INDEX($A$25:$A$200, MATCH(1,(IM25:IM200=SMALL(IM25:IM200,5))*(COUNTIF(IM3:IM12, $A$25:$A$200)=0),0)), ""),""),"")} | IN13: {=IFERROR(IF(SMALL(IN25:IN200,5)<=$A$8*SMALL(IN25:IN200,1),IFERROR(INDEX($A$25:$A$200, MATCH(1,(IN25:IN200=SMALL(IN25:IN200,5))*(COUNTIF(IN3:IN12, $A$25:$A$200)=0),0)), ""),""),"")} | IO13: {=IFERROR(IF(SMALL(IO25:IO200,5)<=$A$8*SMALL(IO25:IO200,1),IFERROR(INDEX($A$25:$A$200, MATCH(1,(IO25:IO200=SMALL(IO25:IO200,5))*(COUNTIF(IO3:IO12, $A$25:$A$200)=0),0)), ""),""),"")} | IP13: {=IFERROR(IF(SMALL(IP25:IP200,5)<=$A$8*SMALL(IP25:IP200,1),IFERROR(INDEX($A$25:$A$200, MATCH(1,(IP25:IP200=SMALL(IP25:IP200,5))*(COUNTIF(IP3:IP12, $A$25:$A$200)=0),0)), ""),""),"")} | IQ13: {=IFERROR(IF(SMALL(IQ25:IQ200,5)<=$A$8*SMALL(IQ25:IQ200,1),IFERROR(INDEX($A$25:$A$200, MATCH(1,(IQ25:IQ200=SMALL(IQ25:IQ200,5))*(COUNTIF(IQ3:IQ12, $A$25:$A$200)=0),0)), ""),""),"")} | IR13: {=IFERROR(IF(SMALL(IR25:IR200,5)<=$A$8*SMALL(IR25:IR200,1),IFERROR(INDEX($A$25:$A$200, MATCH(1,(IR25:IR200=SMALL(IR25:IR200,5))*(COUNTIF(IR3:IR12, $A$25:$A$200)=0),0)), ""),""),"")} | ... AGQ13: {=IFERROR(IF(SMALL(AGQ25:AGQ200,5)<=$A$8*SMALL(AGQ25:AGQ200,1),IFERROR(INDEX($A$25:$A$200, MATCH(1,(AGQ25:AGQ200=SMALL(AGQ25:AGQ200,5))*(COUNTIF(AGQ3:AGQ12, $A$25:$A$200)=0),0)), ""),""),"")}
B14: {=IFERROR(IF(SMALL(B25:B118,6)<=$A$8*SMALL(B25:B118,1),IFERROR(INDEX($A$25:$A$118, MATCH(1,(B25:B118=SMALL(B25:B118,5))*(COUNTIF(B3:B13, $A$25:$A$118)=0),0)), ""),""),"")} | C14: {=IFERROR(IF(SMALL(C25:C118,6)<=$A$8*SMALL(C25:C118,1),IFERROR(INDEX($A$25:$A$118, MATCH(1,(C25:C118=SMALL(C25:C118,5))*(COUNTIF(C3:C13, $A$25:$A$118)=0),0)), ""),""),"")} | D14: {=IFERROR(IF(SMALL(D25:D118,6)<=$A$8*SMALL(D25:D118,1),IFERROR(INDEX($A$25:$A$118, MATCH(1,(D25:D118=SMALL(D25:D118,5))*(COUNTIF(D3:D13, $A$25:$A$118)=0),0)), ""),""),"")} | E14: {=IFERROR(IF(SMALL(E25:E118,6)<=$A$8*SMALL(E25:E118,1),IFERROR(INDEX($A$25:$A$118, MATCH(1,(E25:E118=SMALL(E25:E118,5))*(COUNTIF(E3:E13, $A$25:$A$118)=0),0)), ""),""),"")} | F14: {=IFERROR(IF(SMALL(F25:F118,6)<=$A$8*SMALL(F25:F118,1),IFERROR(INDEX($A$25:$A$118, MATCH(1,(F25:F118=SMALL(F25:F118,5))*(COUNTIF(F3:F13, $A$25:$A$118)=0),0)), ""),""),"")} | G14: {=IFERROR(IF(SMALL(G25:G118,6)<=$A$8*SMALL(G25:G118,1),IFERROR(INDEX($A$25:$A$118, MATCH(1,(G25:G118=SMALL(G25:G118,5))*(COUNTIF(G3:G13, $A$25:$A$118)=0),0)), ""),""),"")} | H14: {=IFERROR(IF(SMALL(H25:H118,6)<=$A$8*SMALL(H25:H118,1),IFERROR(INDEX($A$25:$A$118, MATCH(1,(H25:H118=SMALL(H25:H118,5))*(COUNTIF(H3:H13, $A$25:$A$118)=0),0)), ""),""),"")} | I14: {=IFERROR(IF(SMALL(I25:I118,6)<=$A$8*SMALL(I25:I118,1),IFERROR(INDEX($A$25:$A$118, MATCH(1,(I25:I118=SMALL(I25:I118,5))*(COUNTIF(I3:I13, $A$25:$A$118)=0),0)), ""),""),"")} | ... DZ14: {=IFERROR(IF(SMALL(DZ25:DZ118,6)<=$A$8*SMALL(DZ25:DZ118,1),IFERROR(INDEX($A$25:$A$118, MATCH(1,(DZ25:DZ118=SMALL(DZ25:DZ118,5))*(COUNTIF(DZ3:DZ13, $A$25:$A$118)=0),0)), ""),""),"")} | EC14: {=IFERROR(IF(SMALL(EC25:EC118,6)<=$A$8*SMALL(EC25:EC118,1),IFERROR(INDEX($A$25:$A$118, MATCH(1,(EC25:EC118=SMALL(EC25:EC118,5))*(COUNTIF(EC3:EC13, $A$25:$A$118)=0),0)), ""),""),"")} | EF14: {=IFERROR(IF(SMALL(EF25:EF118,6)<=$A$8*SMALL(EF25:EF118,1),IFERROR(INDEX($A$25:$A$118, MATCH(1,(EF25:EF118=SMALL(EF25:EF118,5))*(COUNTIF(EF3:EF13, $A$25:$A$118)=0),0)), ""),""),"")} | EH14: {=IFERROR(IF(SMALL(EH25:EH118,6)<=$A$8*SMALL(EH25:EH118,1),IFERROR(INDEX($A$25:$A$118, MATCH(1,(EH25:EH118=SMALL(EH25:EH118,5))*(COUNTIF(EH3:EH13, $A$25:$A$118)=0),0)), ""),""),"")} | EI14: {=IFERROR(IF(SMALL(EI25:EI118,6)<=$A$8*SMALL(EI25:EI118,1),IFERROR(INDEX($A$25:$A$118, MATCH(1,(EI25:EI118=SMALL(EI25:EI118,5))*(COUNTIF(EI3:EI13, $A$25:$A$118)=0),0)), ""),""),"")} | EJ14: {=IFERROR(IF(SMALL(EJ25:EJ118,6)<=$A$8*SMALL(EJ25:EJ118,1),IFERROR(INDEX($A$25:$A$118, MATCH(1,(EJ25:EJ118=SMALL(EJ25:EJ118,5))*(COUNTIF(EJ3:EJ13, $A$25:$A$118)=0),0)), ""),""),"")} | EK14: {=IFERROR(IF(SMALL(EK25:EK118,6)<=$A$8*SMALL(EK25:EK118,1),IFERROR(INDEX($A$25:$A$118, MATCH(1,(EK25:EK118=SMALL(EK25:EK118,5))*(COUNTIF(EK3:EK13, $A$25:$A$118)=0),0)), ""),""),"")} | EL14: {=IFERROR(IF(SMALL(EL25:EL118,6)<=$A$8*SMALL(EL25:EL118,1),IFERROR(INDEX($A$25:$A$118, MATCH(1,(EL25:EL118=SMALL(EL25:EL118,5))*(COUNTIF(EL3:EL13, $A$25:$A$118)=0),0)), ""),""),"")} | EM14: {=IFERROR(IF(SMALL(EM25:EM118,6)<=$A$8*SMALL(EM25:EM118,1),IFERROR(INDEX($A$25:$A$118, MATCH(1,(EM25:EM118=SMALL(EM25:EM118,5))*(COUNTIF(EM3:EM13, $A$25:$A$118)=0),0)), ""),""),"")} | EN14: {=IFERROR(IF(SMALL(EN25:EN118,6)<=$A$8*SMALL(EN25:EN118,1),IFERROR(INDEX($A$25:$A$118, MATCH(1,(EN25:EN118=SMALL(EN25:EN118,5))*(COUNTIF(EN3:EN13, $A$25:$A$118)=0),0)), ""),""),"")} | EO14: {=IFERROR(IF(SMALL(EO25:EO118,6)<=$A$8*SMALL(EO25:EO118,1),IFERROR(INDEX($A$25:$A$118, MATCH(1,(EO25:EO118=SMALL(EO25:EO118,5))*(COUNTIF(EO3:EO13, $A$25:$A$118)=0),0)), ""),""),"")} | ... ER14: {=IFERROR(IF(SMALL(ER25:ER118,6)<=$A$8*SMALL(ER25:ER118,1),IFERROR(INDEX($A$25:$A$118, MATCH(1,(ER25:ER118=SMALL(ER25:ER118,5))*(COUNTIF(ER3:ER13, $A$25:$A$118)=0),0)), ""),""),"")} | ES14: {=IFERROR(IF(SMALL(ES25:ES126,6)<=$A$8*SMALL(ES25:ES126,1),IFERROR(INDEX($A$25:$A$126, MATCH(1,(ES25:ES126=SMALL(ES25:ES126,5))*(COUNTIF(ES3:ES13, $A$25:$A$126)=0),0)), ""),""),"")} | ET14: {=IFERROR(IF(SMALL(ET25:ET126,6)<=$A$8*SMALL(ET25:ET126,1),IFERROR(INDEX($A$25:$A$126, MATCH(1,(ET25:ET126=SMALL(ET25:ET126,5))*(COUNTIF(ET3:ET13, $A$25:$A$126)=0),0)), ""),""),"")} | EU14: {=IFERROR(IF(SMALL(EU25:EU126,6)<=$A$8*SMALL(EU25:EU126,1),IFERROR(INDEX($A$25:$A$126, MATCH(1,(EU25:EU126=SMALL(EU25:EU126,5))*(COUNTIF(EU3:EU13, $A$25:$A$126)=0),0)), ""),""),"")} | EV14: {=IFERROR(IF(SMALL(EV25:EV126,6)<=$A$8*SMALL(EV25:EV126,1),IFERROR(INDEX($A$25:$A$126, MATCH(1,(EV25:EV126=SMALL(EV25:EV126,5))*(COUNTIF(EV3:EV13, $A$25:$A$126)=0),0)), ""),""),"")} | EW14: {=IFERROR(IF(SMALL(EW25:EW126,6)<=$A$8*SMALL(EW25:EW126,1),IFERROR(INDEX($A$25:$A$126, MATCH(1,(EW25:EW126=SMALL(EW25:EW126,5))*(COUNTIF(EW3:EW13, $A$25:$A$126)=0),0)), ""),""),"")} | EX14: {=IFERROR(IF(SMALL(EX25:EX126,6)<=$A$8*SMALL(EX25:EX126,1),IFERROR(INDEX($A$25:$A$126, MATCH(1,(EX25:EX126=SMALL(EX25:EX126,5))*(COUNTIF(EX3:EX13, $A$25:$A$126)=0),0)), ""),""),"")} | EY14: {=IFERROR(IF(SMALL(EY25:EY126,6)<=$A$8*SMALL(EY25:EY126,1),IFERROR(INDEX($A$25:$A$126, MATCH(1,(EY25:EY126=SMALL(EY25:EY126,5))*(COUNTIF(EY3:EY13, $A$25:$A$126)=0),0)), ""),""),"")} | EZ14: {=IFERROR(IF(SMALL(EZ25:EZ126,6)<=$A$8*SMALL(EZ25:EZ126,1),IFERROR(INDEX($A$25:$A$126, MATCH(1,(EZ25:EZ126=SMALL(EZ25:EZ126,5))*(COUNTIF(EZ3:EZ13, $A$25:$A$126)=0),0)), ""),""),"")} | ... IJ14: {=IFERROR(IF(SMALL(IJ25:IJ126,6)<=$A$8*SMALL(IJ25:IJ126,1),IFERROR(INDEX($A$25:$A$126, MATCH(1,(IJ25:IJ126=SMALL(IJ25:IJ126,5))*(COUNTIF(IJ3:IJ13, $A$25:$A$126)=0),0)), ""),""),"")} | IK14: {=IFERROR(IF(SMALL(IK25:IK200,6)<=$A$8*SMALL(IK25:IK200,1),IFERROR(INDEX($A$25:$A$200, MATCH(1,(IK25:IK200=SMALL(IK25:IK200,5))*(COUNTIF(IK3:IK13, $A$25:$A$200)=0),0)), ""),""),"")} | IL14: {=IFERROR(IF(SMALL(IL25:IL200,6)<=$A$8*SMALL(IL25:IL200,1),IFERROR(INDEX($A$25:$A$200, MATCH(1,(IL25:IL200=SMALL(IL25:IL200,5))*(COUNTIF(IL3:IL13, $A$25:$A$200)=0),0)), ""),""),"")} | IM14: {=IFERROR(IF(SMALL(IM25:IM200,6)<=$A$8*SMALL(IM25:IM200,1),IFERROR(INDEX($A$25:$A$200, MATCH(1,(IM25:IM200=SMALL(IM25:IM200,5))*(COUNTIF(IM3:IM13, $A$25:$A$200)=0),0)), ""),""),"")} | IN14: {=IFERROR(IF(SMALL(IN25:IN200,6)<=$A$8*SMALL(IN25:IN200,1),IFERROR(INDEX($A$25:$A$200, MATCH(1,(IN25:IN200=SMALL(IN25:IN200,5))*(COUNTIF(IN3:IN13, $A$25:$A$200)=0),0)), ""),""),"")} | IO14: {=IFERROR(IF(SMALL(IO25:IO200,6)<=$A$8*SMALL(IO25:IO200,1),IFERROR(INDEX($A$25:$A$200, MATCH(1,(IO25:IO200=SMALL(IO25:IO200,5))*(COUNTIF(IO3:IO13, $A$25:$A$200)=0),0)), ""),""),"")} | IP14: {=IFERROR(IF(SMALL(IP25:IP200,6)<=$A$8*SMALL(IP25:IP200,1),IFERROR(INDEX($A$25:$A$200, MATCH(1,(IP25:IP200=SMALL(IP25:IP200,5))*(COUNTIF(IP3:IP13, $A$25:$A$200)=0),0)), ""),""),"")} | IQ14: {=IFERROR(IF(SMALL(IQ25:IQ200,6)<=$A$8*SMALL(IQ25:IQ200,1),IFERROR(INDEX($A$25:$A$200, MATCH(1,(IQ25:IQ200=SMALL(IQ25:IQ200,5))*(COUNTIF(IQ3:IQ13, $A$25:$A$200)=0),0)), ""),""),"")} | IR14: {=IFERROR(IF(SMALL(IR25:IR200,6)<=$A$8*SMALL(IR25:IR200,1),IFERROR(INDEX($A$25:$A$200, MATCH(1,(IR25:IR200=SMALL(IR25:IR200,5))*(COUNTIF(IR3:IR13, $A$25:$A$200)=0),0)), ""),""),"")} | ... AGQ14: {=IFERROR(IF(SMALL(AGQ25:AGQ200,6)<=$A$8*SMALL(AGQ25:AGQ200,1),IFERROR(INDEX($A$25:$A$200, MATCH(1,(AGQ25:AGQ200=SMALL(AGQ25:AGQ200,5))*(COUNTIF(AGQ3:AGQ13, $A$25:$A$200)=0),0)), ""),""),"")}
B15: {=IFERROR(IF(SMALL(B25:B118,6)<=$A$8*SMALL(B25:B118,1),IFERROR(INDEX($A$25:$A$118, MATCH(1,(B25:B118=SMALL(B25:B118,5))*(COUNTIF(B3:B14, $A$25:$A$118)=0),0)), ""),""),"")} | C15: {=IFERROR(IF(SMALL(C25:C118,6)<=$A$8*SMALL(C25:C118,1),IFERROR(INDEX($A$25:$A$118, MATCH(1,(C25:C118=SMALL(C25:C118,5))*(COUNTIF(C3:C14, $A$25:$A$118)=0),0)), ""),""),"")} | D15: {=IFERROR(IF(SMALL(D25:D118,6)<=$A$8*SMALL(D25:D118,1),IFERROR(INDEX($A$25:$A$118, MATCH(1,(D25:D118=SMALL(D25:D118,5))*(COUNTIF(D3:D14, $A$25:$A$118)=0),0)), ""),""),"")} | E15: {=IFERROR(IF(SMALL(E25:E118,6)<=$A$8*SMALL(E25:E118,1),IFERROR(INDEX($A$25:$A$118, MATCH(1,(E25:E118=SMALL(E25:E118,5))*(COUNTIF(E3:E14, $A$25:$A$118)=0),0)), ""),""),"")} | F15: {=IFERROR(IF(SMALL(F25:F118,6)<=$A$8*SMALL(F25:F118,1),IFERROR(INDEX($A$25:$A$118, MATCH(1,(F25:F118=SMALL(F25:F118,5))*(COUNTIF(F3:F14, $A$25:$A$118)=0),0)), ""),""),"")} | G15: {=IFERROR(IF(SMALL(G25:G118,6)<=$A$8*SMALL(G25:G118,1),IFERROR(INDEX($A$25:$A$118, MATCH(1,(G25:G118=SMALL(G25:G118,5))*(COUNTIF(G3:G14, $A$25:$A$118)=0),0)), ""),""),"")} | H15: {=IFERROR(IF(SMALL(H25:H118,6)<=$A$8*SMALL(H25:H118,1),IFERROR(INDEX($A$25:$A$118, MATCH(1,(H25:H118=SMALL(H25:H118,5))*(COUNTIF(H3:H14, $A$25:$A$118)=0),0)), ""),""),"")} | I15: {=IFERROR(IF(SMALL(I25:I118,6)<=$A$8*SMALL(I25:I118,1),IFERROR(INDEX($A$25:$A$118, MATCH(1,(I25:I118=SMALL(I25:I118,5))*(COUNTIF(I3:I14, $A$25:$A$118)=0),0)), ""),""),"")} | ... DZ15: {=IFERROR(IF(SMALL(DZ25:DZ118,6)<=$A$8*SMALL(DZ25:DZ118,1),IFERROR(INDEX($A$25:$A$118, MATCH(1,(DZ25:DZ118=SMALL(DZ25:DZ118,5))*(COUNTIF(DZ3:DZ14, $A$25:$A$118)=0),0)), ""),""),"")} | EC15: {=IFERROR(IF(SMALL(EC25:EC118,6)<=$A$8*SMALL(EC25:EC118,1),IFERROR(INDEX($A$25:$A$118, MATCH(1,(EC25:EC118=SMALL(EC25:EC118,5))*(COUNTIF(EC3:EC14, $A$25:$A$118)=0),0)), ""),""),"")} | EF15: {=IFERROR(IF(SMALL(EF25:EF118,6)<=$A$8*SMALL(EF25:EF118,1),IFERROR(INDEX($A$25:$A$118, MATCH(1,(EF25:EF118=SMALL(EF25:EF118,5))*(COUNTIF(EF3:EF14, $A$25:$A$118)=0),0)), ""),""),"")} | EH15: {=IFERROR(IF(SMALL(EH25:EH118,6)<=$A$8*SMALL(EH25:EH118,1),IFERROR(INDEX($A$25:$A$118, MATCH(1,(EH25:EH118=SMALL(EH25:EH118,5))*(COUNTIF(EH3:EH14, $A$25:$A$118)=0),0)), ""),""),"")} | EI15: {=IFERROR(IF(SMALL(EI25:EI118,6)<=$A$8*SMALL(EI25:EI118,1),IFERROR(INDEX($A$25:$A$118, MATCH(1,(EI25:EI118=SMALL(EI25:EI118,5))*(COUNTIF(EI3:EI14, $A$25:$A$118)=0),0)), ""),""),"")} | EJ15: {=IFERROR(IF(SMALL(EJ25:EJ118,6)<=$A$8*SMALL(EJ25:EJ118,1),IFERROR(INDEX($A$25:$A$118, MATCH(1,(EJ25:EJ118=SMALL(EJ25:EJ118,5))*(COUNTIF(EJ3:EJ14, $A$25:$A$118)=0),0)), ""),""),"")} | EK15: {=IFERROR(IF(SMALL(EK25:EK118,6)<=$A$8*SMALL(EK25:EK118,1),IFERROR(INDEX($A$25:$A$118, MATCH(1,(EK25:EK118=SMALL(EK25:EK118,5))*(COUNTIF(EK3:EK14, $A$25:$A$118)=0),0)), ""),""),"")} | EL15: {=IFERROR(IF(SMALL(EL25:EL118,6)<=$A$8*SMALL(EL25:EL118,1),IFERROR(INDEX($A$25:$A$118, MATCH(1,(EL25:EL118=SMALL(EL25:EL118,5))*(COUNTIF(EL3:EL14, $A$25:$A$118)=0),0)), ""),""),"")} | EM15: {=IFERROR(IF(SMALL(EM25:EM118,6)<=$A$8*SMALL(EM25:EM118,1),IFERROR(INDEX($A$25:$A$118, MATCH(1,(EM25:EM118=SMALL(EM25:EM118,5))*(COUNTIF(EM3:EM14, $A$25:$A$118)=0),0)), ""),""),"")} | EN15: {=IFERROR(IF(SMALL(EN25:EN118,6)<=$A$8*SMALL(EN25:EN118,1),IFERROR(INDEX($A$25:$A$118, MATCH(1,(EN25:EN118=SMALL(EN25:EN118,5))*(COUNTIF(EN3:EN14, $A$25:$A$118)=0),0)), ""),""),"")} | EO15: {=IFERROR(IF(SMALL(EO25:EO118,6)<=$A$8*SMALL(EO25:EO118,1),IFERROR(INDEX($A$25:$A$118, MATCH(1,(EO25:EO118=SMALL(EO25:EO118,5))*(COUNTIF(EO3:EO14, $A$25:$A$118)=0),0)), ""),""),"")} | ... ER15: {=IFERROR(IF(SMALL(ER25:ER118,6)<=$A$8*SMALL(ER25:ER118,1),IFERROR(INDEX($A$25:$A$118, MATCH(1,(ER25:ER118=SMALL(ER25:ER118,5))*(COUNTIF(ER3:ER14, $A$25:$A$118)=0),0)), ""),""),"")} | ES15: {=IFERROR(IF(SMALL(ES25:ES126,6)<=$A$8*SMALL(ES25:ES126,1),IFERROR(INDEX($A$25:$A$126, MATCH(1,(ES25:ES126=SMALL(ES25:ES126,5))*(COUNTIF(ES3:ES14, $A$25:$A$126)=0),0)), ""),""),"")} | ET15: {=IFERROR(IF(SMALL(ET25:ET126,6)<=$A$8*SMALL(ET25:ET126,1),IFERROR(INDEX($A$25:$A$126, MATCH(1,(ET25:ET126=SMALL(ET25:ET126,5))*(COUNTIF(ET3:ET14, $A$25:$A$126)=0),0)), ""),""),"")} | EU15: {=IFERROR(IF(SMALL(EU25:EU126,6)<=$A$8*SMALL(EU25:EU126,1),IFERROR(INDEX($A$25:$A$126, MATCH(1,(EU25:EU126=SMALL(EU25:EU126,5))*(COUNTIF(EU3:EU14, $A$25:$A$126)=0),0)), ""),""),"")} | EV15: {=IFERROR(IF(SMALL(EV25:EV126,6)<=$A$8*SMALL(EV25:EV126,1),IFERROR(INDEX($A$25:$A$126, MATCH(1,(EV25:EV126=SMALL(EV25:EV126,5))*(COUNTIF(EV3:EV14, $A$25:$A$126)=0),0)), ""),""),"")} | EW15: {=IFERROR(IF(SMALL(EW25:EW126,6)<=$A$8*SMALL(EW25:EW126,1),IFERROR(INDEX($A$25:$A$126, MATCH(1,(EW25:EW126=SMALL(EW25:EW126,5))*(COUNTIF(EW3:EW14, $A$25:$A$126)=0),0)), ""),""),"")} | EX15: {=IFERROR(IF(SMALL(EX25:EX126,6)<=$A$8*SMALL(EX25:EX126,1),IFERROR(INDEX($A$25:$A$126, MATCH(1,(EX25:EX126=SMALL(EX25:EX126,5))*(COUNTIF(EX3:EX14, $A$25:$A$126)=0),0)), ""),""),"")} | EY15: {=IFERROR(IF(SMALL(EY25:EY126,6)<=$A$8*SMALL(EY25:EY126,1),IFERROR(INDEX($A$25:$A$126, MATCH(1,(EY25:EY126=SMALL(EY25:EY126,5))*(COUNTIF(EY3:EY14, $A$25:$A$126)=0),0)), ""),""),"")} | EZ15: {=IFERROR(IF(SMALL(EZ25:EZ126,6)<=$A$8*SMALL(EZ25:EZ126,1),IFERROR(INDEX($A$25:$A$126, MATCH(1,(EZ25:EZ126=SMALL(EZ25:EZ126,5))*(COUNTIF(EZ3:EZ14, $A$25:$A$126)=0),0)), ""),""),"")} | ... IJ15: {=IFERROR(IF(SMALL(IJ25:IJ126,6)<=$A$8*SMALL(IJ25:IJ126,1),IFERROR(INDEX($A$25:$A$126, MATCH(1,(IJ25:IJ126=SMALL(IJ25:IJ126,5))*(COUNTIF(IJ3:IJ14, $A$25:$A$126)=0),0)), ""),""),"")} | IK15: {=IFERROR(IF(SMALL(IK25:IK200,6)<=$A$8*SMALL(IK25:IK200,1),IFERROR(INDEX($A$25:$A$200, MATCH(1,(IK25:IK200=SMALL(IK25:IK200,5))*(COUNTIF(IK3:IK14, $A$25:$A$200)=0),0)), ""),""),"")} | IL15: {=IFERROR(IF(SMALL(IL25:IL200,6)<=$A$8*SMALL(IL25:IL200,1),IFERROR(INDEX($A$25:$A$200, MATCH(1,(IL25:IL200=SMALL(IL25:IL200,5))*(COUNTIF(IL3:IL14, $A$25:$A$200)=0),0)), ""),""),"")} | IM15: {=IFERROR(IF(SMALL(IM25:IM200,6)<=$A$8*SMALL(IM25:IM200,1),IFERROR(INDEX($A$25:$A$200, MATCH(1,(IM25:IM200=SMALL(IM25:IM200,5))*(COUNTIF(IM3:IM14, $A$25:$A$200)=0),0)), ""),""),"")} | IN15: {=IFERROR(IF(SMALL(IN25:IN200,6)<=$A$8*SMALL(IN25:IN200,1),IFERROR(INDEX($A$25:$A$200, MATCH(1,(IN25:IN200=SMALL(IN25:IN200,5))*(COUNTIF(IN3:IN14, $A$25:$A$200)=0),0)), ""),""),"")} | IO15: {=IFERROR(IF(SMALL(IO25:IO200,6)<=$A$8*SMALL(IO25:IO200,1),IFERROR(INDEX($A$25:$A$200, MATCH(1,(IO25:IO200=SMALL(IO25:IO200,5))*(COUNTIF(IO3:IO14, $A$25:$A$200)=0),0)), ""),""),"")} | IP15: {=IFERROR(IF(SMALL(IP25:IP200,6)<=$A$8*SMALL(IP25:IP200,1),IFERROR(INDEX($A$25:$A$200, MATCH(1,(IP25:IP200=SMALL(IP25:IP200,5))*(COUNTIF(IP3:IP14, $A$25:$A$200)=0),0)), ""),""),"")} | IQ15: {=IFERROR(IF(SMALL(IQ25:IQ200,6)<=$A$8*SMALL(IQ25:IQ200,1),IFERROR(INDEX($A$25:$A$200, MATCH(1,(IQ25:IQ200=SMALL(IQ25:IQ200,5))*(COUNTIF(IQ3:IQ14, $A$25:$A$200)=0),0)), ""),""),"")} | IR15: {=IFERROR(IF(SMALL(IR25:IR200,6)<=$A$8*SMALL(IR25:IR200,1),IFERROR(INDEX($A$25:$A$200, MATCH(1,(IR25:IR200=SMALL(IR25:IR200,5))*(COUNTIF(IR3:IR14, $A$25:$A$200)=0),0)), ""),""),"")} | ... AGQ15: {=IFERROR(IF(SMALL(AGQ25:AGQ200,6)<=$A$8*SMALL(AGQ25:AGQ200,1),IFERROR(INDEX($A$25:$A$200, MATCH(1,(AGQ25:AGQ200=SMALL(AGQ25:AGQ200,5))*(COUNTIF(AGQ3:AGQ14, $A$25:$A$200)=0),0)), ""),""),"")}
A16: Table No.: | B16: 1 | J16: 2 | U16: 3 | AF16: 4 | AQ16: 5 | BB16: 6 | BN16: 7 | CD16: 8
A17: Nº of compared algo. | B17: =COUNTA(B25:B118)-1 -> 9 | C17: =COUNTA(C25:C118)-1 -> 9 | D17: =COUNTA(D25:D118)-1 -> 9 | E17: =COUNTA(E25:E118)-1 -> 9 | F17: =COUNTA(F25:F118)-1 -> 9 | G17: =COUNTA(G25:G118)-1 -> 9 | H17: =COUNTA(H25:H118)-1 -> 9 | I17: =COUNTA(I25:I118)-1 -> 9 | ... T17: =COUNTA(T25:T118)-1 -> 3 | U17: =COUNTA(U25:U150)-1 -> 8 | V17: =COUNTA(V25:V150)-1 -> 8 | W17: =COUNTA(W25:W150)-1 -> 8 | X17: =COUNTA(X25:X150)-1 -> 8 | Y17: =COUNTA(Y25:Y150)-1 -> 8 | Z17: =COUNTA(Z25:Z150)-1 -> 8 | AA17: =COUNTA(AA25:AA150)-1 -> 8 | AB17: =COUNTA(AB25:AB150)-1 -> 8 | ... IJ17: =COUNTA(IJ25:IJ150)-1 -> 3 | IK17: =COUNTA(IK25:IK200)-1 -> 8 | IL17: =COUNTA(IL25:IL200)-1 -> 8 | IM17: =COUNTA(IM25:IM200)-1 -> 8 | IN17: =COUNTA(IN25:IN200)-1 -> 8 | IO17: =COUNTA(IO25:IO200)-1 -> 8 | IP17: =COUNTA(IP25:IP200)-1 -> 8 | IQ17: =COUNTA(IQ25:IQ200)-1 -> 4 | IR17: =COUNTA(IR25:IR200)-1 -> 4 | ... YF17: =COUNTA(YF25:YF200)-1 -> 2 | YG17: =COUNTA(YG25:YG200) -> 0 | YH17: =COUNTA(YH25:YH200)-1 -> 4 | YI17: =COUNTA(YI25:YI200)-1 -> 4 | YJ17: =COUNTA(YJ25:YJ200)-1 -> 3 | YK17: =COUNTA(YK25:YK200)-1 -> 3 | YL17: =COUNTA(YL25:YL200)-1 -> 3 | YM17: =COUNTA(YM25:YM200)-1 -> 3 | YN17: =COUNTA(YN25:YN200)-1 -> 3 | YO17: =COUNTA(YO25:YO200)-1 -> 3 | ... AGQ17: =COUNTA(AGQ25:AGQ200)-1 -> 8
B18: =COUNTA(B25:B200) -> 10 | C18: =COUNTA(C25:C200) -> 10 | D18: =COUNTA(D25:D200) -> 10 | E18: =COUNTA(E25:E200) -> 10 | F18: =COUNTA(F25:F200) -> 10 | G18: =COUNTA(G25:G200) -> 10 | H18: =COUNTA(H25:H200) -> 10 | I18: =COUNTA(I25:I200) -> 10 | ... AGQ18: =COUNTA(AGQ25:AGQ200) -> 9
A19: Prior to 2019
A20: No ROS support | B20: EuRoC MaV dataset: Stereo + IMU | J20: EuRoC dataset (RMS ATE in m., scale error in %) | U20: EuRoC dataset (RMS ATE in m., scale error in %) | AF20: EuRoC dataset (RMS ATE in m., scale error in %) | AQ20: EuRoC dataset (RMS ATE in m., scale error in %) | BB20: TUM VI Dataset | KZ20: Paper: | LA20: RDS-SLAM: Real-Time Dynamic SLAM Using Semantic Segmentation Methods | NK20: Paper: | NL20: A Review of Multi-Sensor Fusion SLAM Systems Based on 3D LIDAR | NO20: Paper: | NP20: ART-SLAM: Accurate Real-Time 6DoF LiDAR SLAM | NX20: Paper: | NY20: Comparative Analysis of SLAM Algorithms for Mechanical LiDAR and Solid-State LiDAR | OJ20: Paper: | OK20: OVD-SLAM: An Online Visual SLAM for Dynamic Environments | RI20: Review of simultaneous localization and mapping (SLAM) for construction robotics applications | RT20: Paper: | RU20: GLIM: 3D range-inertial localization and mapping with GPU-accelerated scan matching factors | TF20: Papers: | TG20: SLICT: Multi-Input Multi-Scale Surfel-Based Lidar-Inertial Continuous-Time Odometry and Mapping | UE20: Paper: | UF20: Efficient and Probabilistic Adaptive Voxel Mapping for Accurate Online LiDAR Odometry | VF20: Paper: | VG20: maplab 2.0 – A Modular and Multi-Modal Mapping Framework | VO20: Paper: | VP20: ReFusion: 3D Reconstruction in Dynamic Environments for RGB-D Cameras Exploiting Residuals | WS20: Paper: | WT20: CT-ICP: Real-time Elastic LiDAR Odometry with Loop Closure | YF20: Paper: | YG20: KISS-ICP: In Defense of Point-to-Point ICP –Simple, Accurate, and Robust Registration If Done the Right Way | ZB20: Paper: | ZC20: LINS: A Lidar-Inertial State Estimator for Robust and Efficient Navigation | ZL20: Paper: | ZM20: CLINS: Continuous-Time Trajectory Estimation for LiDAR-Inertial System | AAB20: Paper: | AAC20: Direct LiDAR Odometry: Fast Localization With Dense Point Clouds | AAL20: Paper: | AAM20: Real-time Multi-Adaptive-Resolution-Surfel 6D LiDAR Odometry using Continuous-time Trajectory Optimization | ABG20: Paper: | ABH20: Greedy-Based Feature Selection for Efficient LiDAR SLAM | ABL20: Paper: | ABM20: FAST-LIVO: Fast and Tightly-coupled Sparse-Direct LiDAR-Inertial-Visual Odometry | ABU20: Paper: | ABV20: Faster-LIO: Lightweight Tightly Coupled Lidar-Inertial Odometry Using Parallel Sparse Incremental Voxels | ACM20: Paper: | ACN20: Towards High-Performance Solid-State-LiDAR-Inertial Odometry and Mapping | ACV20: Paper: | ACW20: LVI-SAM: Tightly-coupled Lidar-Visual-Inertial Odometry via Smoothing and Mapping | ADB20: Paper: | ADC20: LOCUS: A Multi-Sensor Lidar-Centric Solution for High-Precision Odometry and 3D Mapping in Real-Time | ADN20: Paper: | ADO20: LOCUS 2.0: Robust and Computationally Efficient Lidar Odometry for Real-Time 3D Mapping | ADZ20: Paper: | AEA20: DRE-SLAM: Dynamic RGB-D Encoder SLAM for a Differential-Drive Robot | AGB20: Paper: | AGC20: DynaVINS: A Visual-Inertial SLAM for Dynamic Environments
A21: Not open-source | B21: Source DOI: 10.1007/s10846-023-01812-7 | J21: DOI: 10.1109/TRO.2021.3075644 | U21: Source 1 DOI: 10.1002/rob.21831 Source 2 DOI: 10.1109/TRO.2021.3075644 | AF21: Source DOI: 10.1109/TRO.2021.3075644 | AQ21: Source 1 DOI: 10.1002/rob.21831 Source 2 DOI: 10.1109/TRO.2021.3075644 | BB21: Source DOI: 10.1007/s10846-023-01812-7 | BN21: KITTI Dataset. Source DOI: 10.1007/s10846-023-01812-7 | CD21: LORIS Dataset. Source DOI: 10.1007/s10846-023-01812-7 | CX21: R3Live paper, Source DOI: 10.1109/ICRA46639.2022.9811935 | EI21: (RTAB-Map) Source 1 DOI: 10.1002/rob.21831 | ET21: "Survey and evaluation of monocular visual-inertial SLAM algorithms for augmented reality", DOI: https://doi.org/10.1016/j.vrih.2019.07.002 | GH21: "Survey and evaluation of monocular visual-inertial SLAM algorithms for augmented reality", DOI: https://doi.org/10.1016/j.vrih.2019.07.002 | GZ21: Comparison of ROS-Based Monocular Visual SLAM Methods: DSO, LDSO, ORB-SLAM2 and DynaSLAM; DOI: http://dx.doi.org/10.1007/978-3-030-60337-3_22 | IK21: Paper title: "Survey and Evaluation of RGB-D SLAM" | IR21: DOI: https://doi.org/10.1109/ACCESS.2021.3053188 | JB21: Paper title: | JC21: Survey and Experimental Comparison of RGB-D Indoor Robot Navigation Methods Supported by ROS and Their Expansion via Fusion with Wheel Odometry and IMU Data | JN21: Paper: | JO21: Benchmark of visual and 3D lidar SLAM systems in simulation environment for vineyards | KH21: Paper: | KI21: Implementation and Evaluation of SLAM Systems for a Mobile Robot | KZ21: DOI: | LA21: https://doi.org/10.1109/ACCESS.2021.3050617 | MD21: Paper: | ME21: A Comparison of LiDAR Odometry and Mapping Techniques | MZ21: Paper: | NA21: Visual and Visual-Inertial SLAM: State of the Art, Classification, and Experimental Benchmarking | NK21: DOI: | NL21: doi.org/10.3390/rs14122835 | NO21: DOI: | NP21: 10.1109/LRA.2022.3144795 | NX21: DOI: | NY21: 10.1109/JSEN.2023.3238077 | OJ21: DOI: | OK21: 10.1109/JSEN.2023.3270534 | QZ21: Paper: | RA21: SIMULATION OF LOW-COST MEMS-LIDAR AND ANALYSIS OF ITS EFFECT ON THE PERFORMANCES OF STATE-OF-THE-ART SLAMS | RI21: /10.1016/j.autcon.2024.105344 | RT21: DOI: | RU21: doi.org/10.1016/j.robot.2024.104750 | TF21: DOI: | TG21: 10.1109/LRA.2023.3246390 | UE21: Title: | UF21: 10.1109/LRA.2022.3187250 | VF21: DOI: | VG21: 10.1109/LRA.2022.3227865 | VO21: DOI: | VP21: 10.1109/IROS40897.2019.8967590 | WS21: DOI: | WT21: 10.1109/ICRA46639.2022.9811849 | YE21: Relative Translation Error (RTE) [%] ParisLuco | YF21: DOI: | YG21: 10.1109/LRA.2023.3236571 | ZB21: DOI: | ZC21: 10.1109/ICRA40945.2020.9197567 | ZL21: DOI: | ZM21: 10.1109/IROS51168.2021.9636676 | AAB21: DOI: | AAC21: 10.1109/LRA.2022.3142739 | AAL21: DOI: | AAM21: 10.1109/IROS51168.2021.9636763 | ABG21: DOI: | ABH21: 10.1109/ICRA48506.2021.9561262 | ABL21: DOI: | ABM21: 10.1109/IROS47612.2022.9981107 | ABU21: DOI: | ABV21: 10.1109/LRA.2022.3152830 | ACM21: DOI: | ACN21: 10.1109/LRA.2021.3070251 | ACV21: DOI: | ACW21: 10.1109/ICRA48506.2021.9561996 | ADB21: DOI: | ADC21: 10.1109/LRA.2020.3044864 | ADN21: DOI: | ADO21: 10.1109/LRA.2022.3181357 | ADT21: nebula-odometry-dataset Public | ADZ21: DOI: | AEA21: 10.3390/rs11040380 | AGB21: DOI: | AGC21: 10.1109/LRA.2022.3203231
A22: Default unit: meter | B22: Sequence: V1_01 | F22: Sequence: MH_05 | J22: Sequences (monocular): | U22: Sequences (stereo): | AF22: Sequences (monocular inertial): | AQ22: Sequences (stereo inertial): | BB22: Sequence: Corridor 1 | BF22: Sequence:Magistrale 1 | BJ22: Sequence: Room 1 | BN22: Sequence: 00 | BR22: Sequence: 02 | BV22: Sequence: 05 | BZ22: Sequence: 06 | CD22: Sequence: Office5 | CH22: Sequence: Office7 | CL22: Sequence: Cafe1 | CP22: Sequence: Cafe2 | CT22: Sequence: Home1 | CX22: Relative pose error in Experiments-3 (a) | DJ22: Relative pose error in Experiments-3 (b) | DV22: Source DOI: 10.23919/FUSION49751.2022.9841323 | EI22: (DV-LOAM paper) Source 2: doi.org/10.3390/rs13163340 | GZ22: RMSE ATE (m) | HC22: RMSE RPE (m/s) | HG22: EuRoC | IK22: easy TUM RGB-D dataset | IQ22: hard TUM RGB-D dataset. ATE RMSE (m) | IT22: e ICL-NUIM dataset. ATE RMSE (m) | IX22: e ETH3D dataset. ATE RMSE (m) | JB22: DOI: | JC22: 10.18178/ijmerr.9.12.1532-1540 | JN22: DOI: | JO22: https://doi.org/10.1007/978-3-030-89177-0_17 | KH22: DOI: | KI22: doi.org/10.1109/INDICON52576.2021.9691761 | KN22: Relative Pose Error (RPE) | KZ22: TUM Dataset, ATE (m) | LJ22: Translational RPE (m) | LT22: Rotational RPE (m) | MD22: DOI: | ME22: 10.1109/CCAC51819.2021.9633299 | MZ22: DOI: | NA22: doi.org/10.1155/2021/2054828 | NF22: Datasets: | NG22: EuRoC MAV, IRSTV | NK22: Relative Translational Error (m) | NM22: Relative Rotation Error (deg.) | NO22: KITTI Raw Dataset, Sequence 05, ATE (m) | NR22: KITTI Odometry Dataset, Sequence 07, ATE (m) | NU22: KITTI Odometry Dataset, Sequence 00, ATE (m) | NX22: Indoor scene 1 | NY22: Indoor scene 2 | OI22: Indoor scene 2 | OJ22: ATE, TUM RGB-D dataset | OZ22: Relative Pose Error (RPE), TUM RGB-D dataset | PP22: RESULTS OF METRIC ATE ON BONN DATASET | QH22: RESULTS OF METRIC RPE ON BONN DATASET | QZ22: DOI: | RA22: 10.5194/isprs-archives-XLVIII-1-W1-2023-539-2023 | RH22: Exp04 Error | RL22: Exp05 Error | RP22: Exp06 Error | RT22: Custom dataset generated from a simulation. Each sequence has different IMU noise values | RW22: Custom dataset (real environment) | SW22: *Selected best results of GLIM from the two first parts of the table. The last part was fused with data from SLICT paper | TF22: Absolute Trajectory Error (ATE) | UE22: ACCURACY (ATE IN METERS) COMPARISON ON KITTI ODOMETRY TRAINING SEQUENCES | YF22: RTE [%] Average, employing pose-graph optimization | YH22: RTE [%] Average, employing odometry methods | YJ22: MulRan dataset. Relative translational error and relative rotational error using the KITTI metrics | YZ22: Newer College dataset | ZL22: Dataset from "Tightly coupled 3d lidar inertial odometry and mapping" | ZX22: Custom dataset | ZZ22: Kaist Urban dataset | AAB22: Alpha Course dataset from the Urban circuit of the DARPA Subterranean Challenge | AAL22: ATE [m] | ACS22: End-to-end position error in meter on FR-IOSB | ADB22: Alpha Course | ADF22: Beta Course | ADJ22: Safety Research Course | ADN22: A | ADP22: C | ADR22: F | ADT22: H | ADV22: I | ADX22: J
A23: SLAM Algorithm | B23: Position(m) | D23: Rotation(deg) | F23: Position(m) | H23: Rotation(deg) | J23: MH01 | K23: MH02 | L23: MH03 | M23: MH04 | N23: MH05 | O23: V101 | P23: V102 | Q23: V103 | R23: V201 | S23: V202 | T23: V203 | U23: MH01 | V23: MH02 | W23: MH03 | X23: MH04 | Y23: MH05 | Z23: V101 | AA23: V102 | AB23: V103 | AC23: V201 | AD23: V202 | AE23: V203 | AF23: MH01 | AG23: MH02 | AH23: MH03 | AI23: MH04 | AJ23: MH05 | AK23: V101 | AL23: V102 | AM23: V103 | AN23: V201 | AO23: V202 | AP23: V203 | AQ23: MH01 | AR23: MH02 | AS23: MH03 | AT23: MH04 | AU23: MH05 | AV23: V101 | AW23: V102 | AX23: V103 | AY23: V201 | AZ23: V202 | BA23: V203 | BB23: Position(m) | BD23: Rotation(deg) | BF23: Position(m) | BH23: Rotation(deg) | BJ23: Position(m) | BL23: Rotation(deg) | BN23: Position(m) | BP23: Rotation(deg) | BR23: Position(m) | BT23: Rotation(deg) | BV23: Position(m) | BX23: Rotation(deg) | BZ23: Position(m) | CB23: Rotation(deg) | CD23: Position(m) | CF23: Rotation(deg) | CH23: Position(m) | CJ23: Rotation(deg) | CL23: Position(m) | CN23: Rotation(deg) | CP23: Position(m) | CR23: Rotation(deg) | CT23: Position(m) | CV23: Rotation(deg) | CX23: 50m | CZ23: 100m | DB23: 150m | DD23: 200m | DF23: 250m | DH23: 300m | DJ23: 50m | DL23: 100m | DN23: 150m | DP23: 200m | DR23: 250m | DT23: 300m | DV23: Outdoor experiment 1 | EA23: Square loop (Exp. 1) | ED23: 360 pan (Exp.2) | EG23: Dynamic scene | EI23: translational error (%) | ET23: APE(mm) | FB23: ARE(deg) | FJ23: Completeness(%) | FR23: RPE(mm) | FZ23: RRE(deg) | GR23: (Rapid Rotation) | GS23: (Rapid Translation) | GT23: (Rapid Shaking) | GU23: (Moving People) | GV23: (Covering Camera) | GZ23: MH.01 | HC23: MH.02 | HF23: MH.03 | HI23: MH.04 | HL23: MH.05 | HO23: V1.01 | HR23: V1.02 | HU23: V1.03 | HX23: V2.01 | IA23: V2.02 | ID23: V2.03 | IG23: Median alignment RMSE (m) | IK23: ATE RMSE (m) | JB23: Dataset 1 | JH23: Dataset 2 | KH23: ATE speed: 0.1 m/s | KK23: ATE speed: 0.3 m/s | KN23: Translational RPE, 0.1 m/s | KQ23: Rotational RPE, 0.1 m/s | KT23: Translational RPE, 0.3 m/s | KW23: Rotational RPE, 0.3 m/s | KZ23: w/half | LB23: w/rpy | LD23: w/static | LF23: w/xyz | LH23: s/static | LJ23: w/half | LL23: w/rpy | LN23: w/static | LP23: w/xyz | LR23: s/static | LT23: w/half | LV23: w/rpy | LX23: w/static | LZ23: w/xyz | MB23: s/static | MD23: Absolute Trajectory Error (ATE) | MO23: Absolute Angular Error (AAE) | MZ23: RMSE RPE (CM) | NC23: RMSE APE (CM) | NG23: Max APE (CM) | NZ23: Indoor and outdoor scene | OC23: Outdoor scene 1 | OF23: Outdoor scene 2 | OJ23: f3/w/xyz | OL23: f3/w/half | ON23: f3/w/static | OP23: f3/w/rpy | OR23: f3/w/xyz_v | OT23: f3/w/half_v | OV23: f3/s/xyz | OX23: f3/s/half | OZ23: f3/w/xyz | PB23: f3/w/half | PD23: f3/w/static | PF23: f3/w/rpy | PH23: f3/w/xyz_v | PJ23: f3/w/half_v | PL23: f3/s/xyz | PN23: f3/s/half | PP23: crowd | PR23: crowd2 | PT23: crowd3 | PV23: move_no_box | PX23: move_no_box2 | PZ23: person.tracking | QB23: person.tracking2 | QD23: synchronous | QF23: synchronous2 | QH23: crowd | QJ23: crowd2 | QL23: crowd3 | QN23: move_no_box | QP23: move_no_box2 | QR23: person.tracking | QT23: person.tracking2 | QV23: synchronous | QX23: synchronous2 | QZ23: RMSE of the drift in cm per 1 m interval | RD23: RMSE of the drift in cm per 1 m interval | RH23: Translation (m) | RJ23: Rotation (c ) | RL23: Translation (m) | RN23: Rotation (d ) | RP23: Translation (m) | RR23: Rotation (0 ) | RW23: Absolute trajectory error [m] | SE23: Absolute trajectory error [m] results for various methods on Multi-Camera Newer College dataset. | SN23: Relative trajectory error [m] results for various methods on Multi-Camera Newer College dataset | SW23: Relative trajectory error [m] results for various methods on NTU VIRAL dataset | TF23: ATE of SLICT compared with other methods on NTU VIRAL datasets (unit [m]) | TX23: ATE of SLICT and other methods on newer college dataset (unit [m]). | UB23: ATE (m), IN-HOUSE DATASET | UE23: 0 | UG23: 1 | UI23: 2 | UK23: 3 | UM23: 4 | UO23: 5 | UQ23: 6 | US23: 7 | UU23: 8 | UW23: 9 | UY23: 10 | VA23: COMPARISON RESULTS ON LIVOX AVIA DATASETS | VO23: Absolute Trajectory Error (RMS) [m] on dynamic scenes of TUM dataset. | VU23: Absolute Trajectory Error (RMS) [m] on custom dataset | WS23: Relative Translation Error (RTE) [%] KITTI-corrected* | XD23: Relative Translation Error (RTE) [%] KITTI-raw | XO23: Relative Translation Error (RTE) [%] KITTI-360 | XX23: Relative Translation Error (RTE) [%] KITTI-CARLA | YJ23: KAIST | YN23: DCC | YR23: Riverside | YV23: Sejong* | YZ23: Relative translational error in % | ZB23: REATIVE ERRORS FOR MOTION ESTIMATION DRIFT | ZL23: Translation RMSE (m) | ZR23: Rotation RMSE (rad) | ZX23: RMSE (m) of APE | AAB23: APE [m] | AAE23: ME [m] | AAF23: APE [m] | AAI23: ME [m] | AAL23: Newer College Dataset | AAO23: Urban Loco dataset | AAX23: ATE [m] Evaluation for the DRZ Living Lab dataset | ABG23: TRANSLATIONAL ATE | ABL23: Absolute translational Error (ATE), NTU VIRAL dataset | ABU23: APE (m) | ACD23: translational relative pose error (RPE) (%) | ACM23: RMSE of the absolute position error (APE) in public datasets | ACV23: Custom dataset: Jackal, single sequence | ACY23: Custom dataset: Handheld, single sequence | ADC23: APE [m] | ADE23: ME [ml | ADG23: APE [m] | ADI23: ME [m] | ADK23: APE [ml | ADM23: ME [ml | ADN23: APE | ADP23: APE | ADR23: APE | ADT23: APE | ADV23: APE | ADX23: APE | ADZ23: O-ST1 | AEB23: O-ST2 | AED23: O-ST3 | AEF23: L-ST1 | AEH23: L-ST2 | AEJ23: L-ST3 | AEL23: C-ST1 | AEN23: C-ST2 | AEP23: C-ST3 | AER23: O-LD1 | AET23: O-LD2 | AEV23: O-LD3 | AEX23: L-LD1 | AEZ23: L-LD2 | AFB23: L-LD3 | AFD23: C-LD1 | AFF23: C-LD2 | AFH23: C-LD3 | AFJ23: O-HD1 | AFL23: O-HD2 | AFN23: O-HD3 | AFP23: L-HD1 | AFR23: L-HD2 | AFT23: L-HD3 | AFV23: C-HD1 | AFX23: C-HD2 | AFZ23: C-HD3 | AGB23: VIODE dataset, city_day | AGF23: VIODE dataset, city_night | AGJ23: VIODE dataset, parking_lot | AGN23: Custom dataset
B24: max | C24: rms | D24: max | E24: rms | F24: max | G24: rms | H24: max | I24: rms | J24: ATE | K24: ATE | L24: ATE | M24: ATE | N24: ATE | O24: ATE | P24: ATE | Q24: ATE | R24: ATE | S24: ATE | T24: ATE | U24: ATE | V24: ATE | W24: ATE | X24: ATE | Y24: ATE | Z24: ATE | AA24: ATE | AB24: ATE | AC24: ATE | AD24: ATE | AE24: ATE | AF24: ATE | AG24: ATE | AH24: ATE | AI24: ATE | AJ24: ATE | AK24: ATE | AL24: ATE | AM24: ATE | AN24: ATE | AO24: ATE | AP24: ATE | AQ24: ATE | AR24: ATE | AS24: ATE | AT24: ATE | AU24: ATE | AV24: ATE | AW24: ATE | AX24: ATE | AY24: ATE | AZ24: ATE | BA24: ATE | BB24: max | BC24: rms | BD24: max | BE24: rms | BF24: max | BG24: rms | BH24: max | BI24: rms | BJ24: max | BK24: rms | BL24: max | BM24: rms | BN24: max | BO24: rms | BP24: max | BQ24: rms | BR24: max | BS24: rms | BT24: max | BU24: rms | BV24: max | BW24: rms | BX24: max | BY24: rms | BZ24: max | CA24: rms | CB24: max | CC24: rms | CD24: max | CE24: rms | CF24: max | CG24: rms | CH24: max | CI24: rms | CJ24: max | CK24: rms | CL24: max | CM24: rms | CN24: max | CO24: rms | CP24: max | CQ24: rms | CR24: max | CS24: rms | CT24: max | CU24: rms | CV24: max | CW24: rms | CX24: deg | CY24: % | CZ24: deg | DA24: % | DB24: deg | DC24: % | DD24: deg | DE24: % | DF24: deg | DG24: % | DH24: deg | DI24: % | DJ24: deg | DK24: % | DL24: deg | DM24: % | DN24: deg | DO24: % | DP24: deg | DQ24: % | DR24: deg | DS24: % | DT24: deg | DU24: % | DV24: Boom Low | DW24: Boom Mid | DX24: Top Mount | DY24: Side Mount | DZ24: Boom High | EA24: RPE | EB24: RPE STD | EC24: APE | ED24: RPE | EE24: RPE STD | EF24: APE | EG24: Drift from origin | EH24: Accumulated distance | EI24: 0 | EJ24: 1 | EK24: 2 | EL24: 3 | EM24: 4 | EN24: 5 | EO24: 6 | EP24: 7 | EQ24: 8 | ER24: 9 | ES24: 10 | ET24: A0 | EU24: A1 | EV24: A2 | EW24: A3 | EX24: A4 | EY24: A5 | EZ24: A6 | FA24: A7 | FB24: A0 | FC24: A1 | FD24: A2 | FE24: A3 | FF24: A4 | FG24: A5 | FH24: A6 | FI24: A7 | FJ24: A0 | FK24: A1 | FL24: A2 | FM24: A3 | FN24: A4 | FO24: A5 | FP24: A6 | FQ24: A7 | FR24: A0 | FS24: A1 | FT24: A2 | FU24: A3 | FV24: A4 | FW24: A5 | FX24: A6 | FY24: A7 | FZ24: A0 | GA24: A1 | GB24: A2 | GC24: A3 | GD24: A4 | GE24: A5 | GF24: A6 | GG24: A7 | GH24: A0 | GI24: A1 | GJ24: A2 | GK24: A3 | GL24: A4 | GM24: A5 | GN24: A6 | GO24: A7 | GP24: Average | GQ24: Max | GR24: B0 | GS24: B1 | GT24: B2 | GU24: B3 | GV24: B4 | GW24: B5 | GX24: B6 | GY24: B7 | GZ24: ATE(m) | HA24: RPE(m/s) | HB24: Detail | HC24: ATE | HD24: RPE | HE24: Detail | HF24: ATE | HG24: RPE | HH24: Detail | HI24: ATE | HJ24: RPE | HK24: Detail | HL24: ATE | HM24: RPE | HN24: Detail | HO24: ATE | HP24: RPE | HQ24: Detail | HR24: ATE | HS24: RPE | HT24: Detail | HU24: ATE | HV24: RPE | HW24: Detail | HX24: ATE | HY24: RPE | HZ24: Detail | IA24: ATE | IB24: RPE | IC24: Detail | ID24: ATE | IE24: RPE | IF24: Detail | IG24: Align | IH24: ATE | II24: RPE | IJ24: Detail | IK24: fr1_desk | IL24: fr1_floor | IM24: frl_room | IN24: fr2_xyz | IO24: fr3_office | IP24: fr3_nst | IQ24: fr2_360_hemisphere | IR24: fr2_large_no_loop | IS24: fr2_large_with_loop | IT24: kto | IU24: ktl | IV24: kt2 | IW24: kt3 | IX24: Buddha | IY24: Desk1 | IZ24: Drone | JA24: Trashbin | JB24: RMSE(absolute translation) | JC24: RMSE(relative translation) | JD24: Max | JE24: Mean | JF24: Median | JG24: Std | JH24: RMSE(absolute translation) | JI24: RMSE(relative translation) | JJ24: Max | JK24: Mean | JL24: Median | JM24: Std | JN24: S0 (max) | JO24: S0 (mean) | JP24: S0 (median) | JQ24: S0 (rmse) | JR24: S0 (std) | JS24: S1 (max) | JT24: S1 (mean) | JU24: S1 (median) | JV24: S1 (rmse) | JW24: S1 (std) | JX24: S2 (max) | JY24: S2 (mean) | JZ24: S2 (median) | KA24: S2 (rmse) | KB24: S2 (std) | KC24: S3 (max) | KD24: S3 (mean) | KE24: S3 (median) | KF24: S3 (rmse) | KG24: S3 (std) | KH24: RMSE | KI24: Mean | KJ24: Std | KK24: RMSE | KL24: Mean | KM24: Std | KN24: RMSE | KO24: Mean | KP24: Std | KQ24: RMSE | KR24: Mean | KS24: Std | KT24: RMSE | KU24: Mean | KV24: Std | KW24: RMSE | KX24: Mean | KY24: Std | KZ24: RMSE | LA24: SD | LB24: RMSE | LC24: SD | LD24: RMSE | LE24: SD | LF24: RMSE | LG24: SD | LH24: RMSE | LI24: SD | LJ24: RMSE | LK24: SD | LL24: RMSE | LM24: SD | LN24: RMSE | LO24: SD | LP24: RMSE | LQ24: SD | LR24: RMSE | LS24: SD | LT24: RMSE | LU24: SD | LV24: RMSE | LW24: SD | LX24: RMSE | LY24: SD | LZ24: RMSE | MA24: SD | MB24: RMSE | MC24: SD | MD24: 0 | ME24: 1 | MF24: 2 | MG24: 3 | MH24: 4 | MI24: 5 | MJ24: 6 | MK24: 7 | ML24: 8 | MM24: 9 | MN24: 10 | MO24: 0 | MP24: 1 | MQ24: 2 | MR24: 3 | MS24: 4 | MT24: 5 | MU24: 6 | MV24: 7 | MW24: 8 | MX24: 9 | MY24: 10 | MZ24: MH 01 (easy) | NA24: MH 03 (medium) | NB24: MH 05 (difficult) | NC24: MH 01 | ND24: MH 03 | NE24: MH 05 | NF24: IRSTV | NG24: MH 01 | NH24: MH 03 | NI24: MH 05 | NJ24: IRSTV | NK24: RMSE | NL24: Mean | NM24: RMSE | NN24: Mean | NO24: MEAN | NP24: RMSE | NQ24: STD | NR24: MEAN | NS24: RMSE | NT24: STD | NU24: MEAN | NV24: RMSE | NW24: STD | NX24: Trajectory Error (m) | NZ24: Mean | OA24: RMSE | OB24: Std | OC24: Mean | OD24: RMSE | OE24: Std | OF24: Mean | OG24: RMSE | OH24: Std | OI24: T. Error | OJ24: RMSE | OK24: SD | OL24: RMSE | OM24: SD | ON24: RMSE | OO24: SD | OP24: RMSE | OQ24: SD | OR24: RMSE | OS24: SD | OT24: RMSE | OU24: SD | OV24: RMSE | OW24: SD | OX24: RMSE | OY24: SD | OZ24: RMSE | PA24: SD | PB24: RMSE | PC24: SD | PD24: RMSE | PE24: SD | PF24: RMSE | PG24: SD | PH24: RMSE | PI24: SD | PJ24: RMSE | PK24: SD | PL24: RMSE | PM24: SD | PN24: RMSE | PO24: SD | PP24: RMSE | PQ24: SD | PR24: RMSE | PS24: SD | PT24: RMSE | PU24: SD | PV24: RMSE | PW24: SD | PX24: RMSE | PY24: SD | PZ24: RMSE | QA24: SD | QB24: RMSE | QC24: SD | QD24: RMSE | QE24: SD | QF24: RMSE | QG24: SD | QH24: RMSE | QI24: SD | QJ24: RMSE | QK24: SD | QL24: RMSE | QM24: SD | QN24: RMSE | QO24: SD | QP24: RMSE | QQ24: SD | QR24: RMSE | QS24: SD | QT24: RMSE | QU24: SD | QV24: RMSE | QW24: SD | QX24: RMSE | QY24: SD | QZ24: Mid-360 | RA24: OS0-128 | RB24: Mid-360 | RC24: OS0-128 | RD24: Mid-360 | RE24: OS0-128 | RF24: Mid-360 | RG24: OS0-128 | RH24: RMSE | RI24: STD | RJ24: RMSE | RK24: STD | RL24: RMSE | RM24: STD | RN24: RMSE | RO24: STD | RP24: RMSE | RQ24: STD | RR24: RMSE | RS24: STD | RT24: Absolute trajectory error [m] | RW24: Seq. 01 | RX24: Seq. 02 | RY24: Seq. 03 | RZ24: Seq. 04 | SA24: Seq. 05 | SB24: Seq. 06 | SC24: Seq. 07 | SD24: Seq. 08 | SE24: quad easy | SF24: quad medium | SG24: quad hard | SH24: stairs | SI24: park | SJ24: cloister | SK24: math easy | SL24: math medium | SM24: math hard | SN24: quad easy | SO24: quad medium | SP24: quad hard | SQ24: stairs | SR24: park | SS24: cloister | ST24: math easy | SU24: math medium | SV24: math hard | SW24: eee 01 | SX24: eee 02 | SY24: eee 03 | SZ24: nya 1 | TA24: nya 2 | TB24: nya 3 | TC24: sbs 1 | TD24: sbs 2 | TE24: sbs 3 | TF24: eee_01 | TG24: eee_02 | TH24: eee_03 | TI24: nya_01 | TJ24: nya_02 | TK24: nya_03 | TL24: sbs 01 | TM24: sbs_02 | TN24: sbs-03 | TO24: rtp_01 | TP24: rtp_02 | TQ24: rtp_03 | TR24: tnp_01 | TS24: tnp_02 | TT24: tnp_03 | TU24: spms_01 | TV24: spms_02 | TW24: spms_03 | TX24: 01 _short_exp | TY24: 02_long_exp | TZ24: 05_quad_dynamics | UA24: 06_dynamic_spin | UB24: seq_01 | UC24: seq_02 | UD24: seq_03 | UE24: deg | UF24: m | UG24: deg | UH24: m | UI24: deg | UJ24: m | UK24: deg | UL24: m | UM24: deg | UN24: m | UO24: deg | UP24: m | UQ24: deg | UR24: m | US24: deg | UT24: m | UU24: deg | UV24: m | UW24: deg | UX24: m | UY24: deg | UZ24: m | VA24: Park 1 | VB24: Park 2 | VC24: Park 3 | VD24: Park 4 | VF24: Construction 1 | VG24: Construction 2 | VH24: IC Office | VI24: Office Mitte | VJ24: Basement 3 | VK24: Basement 4 | VL24: Parking | VM24: Campus 1 | VN24: Campus 2 | VO24: sitting-static | VP24: sitting-xyz | VQ24: sitting-halfsphere | VR24: walking_static | VS24: walking_xyz | VT24: walking-halfsphere | VU24: balloon | VV24: balloon2 | VW24: balloon-tracking | VX24: balloon_tracking2 | VY24: crowd | VZ24: crowd2 | WA24: crowd3 | WB24: kidnapping-box | WC24: kidnapping-box2 | WD24: moving_no_box | WE24: moving-no-box2 | WF24: moving_o_box | WG24: moving_o_box2 | WH24: person-tracking | WI24: person_tracking2 | WJ24: placing-no-box | WK24: placing-no-box2 | WL24: placing_no_box3 | WM24: placing-o-box | WN24: removing-no-box | WO24: removing_no_box2 | WP24: removing-o-box | WQ24: synchronous | WR24: synchronous2 | WS24: 0 | WT24: 1 | WU24: 2 | WV24: 3 | WW24: 4 | WX24: 5 | WY24: 6 | WZ24: 7 | XA24: 8 | XB24: 9 | XC24: 10 | XD24: 0 | XE24: 1 | XF24: 2 | XG24: 3 | XH24: 4 | XI24: 5 | XJ24: 6 | XK24: 7 | XL24: 8 | XM24: 9 | XN24: 10 | XO24: 0 | XP24: 2 | XQ24: 3 | XR24: 4 | XS24: 5 | XT24: 6 | XU24: 7 | XV24: 9 | XW24: 10 | XX24: Town01 | XY24: Town02 | XZ24: Town 03 | YA24: Town 04 | YB24: Town 05 | YC24: Town 06 | YD24: Town 07 | YE24: LuxembourgGarden | YF24: Seq. 00-10 | YG24: Seq. 11-21 | YH24: Seq. 00-10 | YI24: Seq. 11-21 | YJ24: Avg. tra. | YK24: Avg. rot. | YL24: ATE tra. | YM24: ATE rot. | YN24: Avg. tra. | YO24: Avg. rot. | YP24: ATE tra. | YQ24: ATE rot. | YR24: Avg. tra. | YS24: Avg. rot. | YT24: ATE tra. | YU24: ATE rot. | YV24: Avg. tra. | YW24: Avg. rot. | YX24: ATE tra. | YY24: ATE rot. | YZ24: NCD 01-short | ZA24: NCD 02-long | ZB24: Drifts of Map-Refined Odometry (%) | ZG24: Drifts of Pure Odometry (%) | ZL24: fast1 | ZM24: fast2 | ZN24: mid1 | ZO24: mid2 | ZP24: slow1 | ZQ24: slow2 | ZR24: fast1 | ZS24: fast2 | ZT24: mid1 | ZU24: mid2 | ZV24: slow1 | ZW24: slow2 | ZX24: YQ-01 | ZY24: YQ-02 | ZZ24: Kaist-Urban-07 | AAA24: Kaist-Urban-08 | AAB24: max | AAC24: mean | AAD24: std | AAE24: rmse | AAF24: max | AAG24: mean | AAH24: std | AAI24: rmse | AAJ24: max | AAK24: mean | AAL24: NC01 | AAM24: NC02 | AAN24: NC05 | AAO24: ULCT | AAP24: ULLS | AAQ24: ULHH | AAR24: ULLL | AAS24: ULSL | AAT24: ULWH | AAU24: ULT2 | AAV24: ULT3 | AAW24: ULH5 | AAX24: Fast | AAY24: Hali | AAZ24: 3P-S | ABA24: 3P-M | ABB24: 3P-F | ABC24: S1 | ABD24: Ml | ABE24: F2 | ABF24: F3 | ABG24: ORO1 | ABH24: OR02 | ABI24: OR03 | ABJ24: OR04 | ABK24: OR05 | ABL24: eee_01 | ABM24: eee_02 | ABN24: eee_03 | ABO24: nya_01 | ABP24: nya_02 | ABQ24: nya_03 | ABR24: sbs 01 | ABS24: sbs_02 | ABT24: sbs-03 | ABU24: nclL2 | ABV24: nclL4 | ABW24: utbm 2 | ABX24: utbm_3 | ABY24: utbm_4 | ABZ24: utbm_5 | ACA24: ulhk-l | ACB24: ulhk 2 | ACC24: liosam_1 | ACD24: nclL2 | ACE24: nclL4 | ACF24: utbm 2 | ACG24: utbm_3 | ACH24: utbm_4 | ACI24: utbm_5 | ACJ24: ulhk-l | ACK24: ulhk 2 | ACL24: liosam_1 | ACM24: UTBM-1 | ACN24: UTBM-2 | ACO24: UL-1 | ACP24: UL-2 | ACQ24: UN-1 | ACR24: UN-2 | ACS24: Short | ACT24: Tree | ACU24: Long | ACV24: RMSE w.r.t GPS (m) | ACW24: Translation (m) | ACX24: Rotation (degree) | ACY24: RMSE w..r.t GPS (m) | ACZ24: Translation (m) | ADA24: Rotation (degree) | ADB24: max | ADC24: mean | ADD24: std | ADE24: RMSE | ADF24: max | ADG24: mean | ADH24: std | ADI24: RMSE | ADJ24: max | ADK24: mean | ADL24: std | ADM24: RMSE | ADN24: max lm] | ADO24: mean [%] | ADP24: max lm] | ADQ24: mean [%] | ADR24: max lm] | ADS24: mean [%] | ADT24: max lm] | ADU24: mean [%] | ADV24: max lm] | ADW24: mean [%] | ADX24: max lm] | ADY24: mean [%] | ADZ24: Trans. | AEA24: Rot. | AEB24: Trans. | AEC24: Rot. | AED24: Trans. | AEE24: Rot. | AEF24: Trans. | AEG24: Rot. | AEH24: Trans. | AEI24: Rot. | AEJ24: Trans. | AEK24: Rot. | AEL24: Trans. | AEM24: Rot. | AEN24: Trans. | AEO24: Rot. | AEP24: Trans. | AEQ24: Rot. | AER24: Trans. | AES24: Rot. | AET24: Trans. | AEU24: Rot. | AEV24: Trans. | AEW24: Rot. | AEX24: Trans. | AEY24: Rot. | AEZ24: Trans. | AFA24: Rot. | AFB24: Trans. | AFC24: Rot. | AFD24: Trans. | AFE24: Rot. | AFF24: Trans. | AFG24: Rot. | AFH24: Trans. | AFI24: Rot. | AFJ24: Trans. | AFK24: Rot. | AFL24: Trans. | AFM24: Rot. | AFN24: Trans. | AFO24: Rot. | AFP24: Trans. | AFQ24: Rot. | AFR24: Trans. | AFS24: Rot. | AFT24: Trans. | AFU24: Rot. | AFV24: Trans. | AFW24: Rot. | AFX24: Trans. | AFY24: Rot. | AFZ24: Trans. | AGA24: Rot. | AGB24: none | AGC24: low | AGD24: mid | AGE24: high | AGF24: none | AGG24: low | AGH24: mid | AGI24: hi gh | AGJ24: none | AGK24: Iow | AGL24: mid | AGM24: high | AGN24: static | AGO24: dynamic follow | AGP24: temporal static | AGQ24: E-shape
A25: ORB-SLAM | J25: 0.071 | K25: 0.067 | L25: 0.071 | M25: 0.082 | N25: 0.06 | O25: 0.015 | P25: 0.02 | Q25: - | R25: 0.021 | S25: 0.018 | T25: -
A26: ORB-SLAM2 | B26: 0.16 | C26: 0.08 | D26: 13.97 | E26: 4.7 | F26: 0.15 | G26: 0.05 | H26: 20.93 | I26: 6.6 | U26: 0.035 | V26: 0.018 | W26: 0.028 | X26: 0.119 | Y26: 0.06 | Z26: 0.035 | AA26: 0.02 | AB26: 0.048 | AC26: 0.037 | AD26: 0.035 | AE26: - | BN26: 2.82 | BO26: 0.89 | BP26: 6.67 | BQ26: 0.74 | BR26: 15.76 | BS26: 6.6 | BT26: 4.37 | BU26: 1.47 | BV26: 0.94 | BW26: 0.39 | BX26: 2.16 | BY26: 0.38 | BZ26: 1.14 | CA26: 0.62 | CB26: 0.76 | CC26: 0.39 | CD26: 0.3 | CE26: 0.21 | CF26: 7.45 | CG26: 2.97 | CH26: 0.09 | CI26: 0.04 | CJ26: 2.88 | CK26: 1.45 | CL26: 0.36 | CM26: 0.21 | CN26: 5.04 | CO26: 2.72 | EI26: 0.70 | EJ26: 1.39 | EK26: 0.76 | EL26: 0.71 | EM26: 0.48 | EN26: 0.4 | EO26: 0.51 | EP26: 0.5 | EQ26: 1.05 | ER26: 0.87 | ES26: 0.6 | GH26: 2.04 | GI26: 6.93 | GJ26: 1.945 | GK26: 0.974 | GL26: 2.777 | GM26: 4.062 | GN26: 2.794 | GO26: 0.772 | GP26: 2.787 | GQ26: 6.93 | GR26: 0.844 | GS26: 0.231 | GT26: 0.294 | GU26: 0.6 | GV26: 2.702 | GW26: 0.077 | GX26: 0.465 | GY26: 0.118 | GZ26: 0.041 | HA26: 0.491 | HB26: 0.006 | HC26: 0.035 | HD26: 0.458 | HE26: 0.006 | HF26: 0.041 | HG26: 1.095 | HH26: 0.006 | HI26: 0.074 | HJ26: 0.56 | HK26: 0.009 | HL26: 0.054 | HM26: 0.589 | HN26: 0.009 | HO26: 0.054 | HP26: 0.454 | HQ26: 0.005 | HR26: 0.054 | HS26: 0.528 | HT26: 0.009 | HU26: 0.091 | HV26: 0.409 | HW26: 0.009 | HX26: 0.047 | HY26: 0.225 | HZ26: 0.007 | IA26: 0.051 | IB26: 0.508 | IC26: 0.009 | ID26: 0.096 | IE26: 0.477 | IF26: 0.01 | IG26: 5.7571 | IH26: 0.0507 | II26: 0.4765 | IJ26: 0.0086 | IK26: 0.016 | IL26: 0.016 | IM26: 0.045 | IN26: 0.004 | IO26: 0.01 | IP26: 0.019 | IQ26: 0.124 | IR26: 0.117 | IS26: 0.097 | IT26: 0.009 | IU26: 0.007 | IV26: 0.016 | IW26: 0.109 | IX26: 0.012 | IY26: 0.009 | IZ26: 0.004 | JA26: 0.002 | JB26: 0.135 | JC26: 0.017 | JD26: 0.234 | JE26: 0.115 | JF26: 0.119 | JG26: 0.072 | JH26: 0.755 | JI26: 0.032 | JJ26: 1.411 | JK26: 0.646 | JL26: 0.699 | JM26: 0.391 | JN26: 1.62 | JO26: 0.81 | JP26: 0.81 | JQ26: 0.95 | JR26: 0.5 | JS26: 1.42 | JT26: 0.86 | JU26: 1.04 | JV26: 0.96 | JW26: 0.42 | JX26: 1.34 | JY26: 0.69 | JZ26: 0.78 | KA26: 0.84 | KB26: 0.47 | KC26: 8.95 | KD26: 4.35 | KE26: 3.91 | KF26: 5.22 | KG26: 2.9 | KH26: 0.036 | KI26: 0.035 | KJ26: 0.011 | KK26: 0.039 | KL26: 0.038 | KM26: 0.014 | KN26: 0.065 | KO26: 0.06 | KP26: 0.025 | KQ26: 3.23 | KR26: 2.663 | KS26: 1.372 | KT26: 0.119 | KU26: 0.121 | KV26: 0.044 | KW26: 4.41 | KX26: 2.786 | KY26: 1.791 | MZ26: 3.14 | NA26: 3.19 | NB26: 3.73 | NC26: 4.3 | ND26: 3.89 | NE26: 5.31 | NF26: 649 | NG26: 7.93 | NH26: 9.47 | NI26: 11.89 | NJ26: 1657
A27: MapLab | B27: 0.3 | C27: 0.15 | D27: 10.03 | E27: 6.13 | F27: 1.13 | G27: 0.59 | H27: 2.99 | I27: 1.27 | BB27: 0.78 | BC27: 0.27 | BD27: 4.18 | BE27: 2.85 | BF27: 2.72 | BG27: 0.88 | BH27: 13.92 | BI27: 6.37 | BJ27: 0.27 | BK27: 0.14 | BL27: 6.05 | BM27: 2.1 | VF27: 0.16 | VG27: 0.57 | VH27: 0.09 | VI27: 3.18 | VJ27: 0.09 | VK27: 0.11 | VL27: 0.39 | VM27: 0.6 | VN27: 0.47
A28: LDSO | B28: 0.16 | C28: 0.08 | D28: 10.34 | E28: 4.68 | F28: 1.49 | G28: 0.08 | H28: 28.35 | I28: 20.45 | BN28: 24.18 | BO28: 10.91 | BP28: 9.66 | BQ28: 2.4 | BR28: 91.37 | BS28: 22.3 | BT28: 5.56 | BU28: 2.41 | BV28: 14.23 | BW28: 4.47 | BX28: 2.37 | BY28: 0.87 | BZ28: 25.92 | CA28: 13.69 | CB28: 0.84 | CC28: 0.59 | GZ28: 0.044 | HA28: 0.131 | HB28: 0.018 | HC28: 0.044 | HD28: 0.139 | HE28: 0.025 | HF28: 0.09 | HG28: 0.706 | HH28: 0.028 | HI28: 0.136 | HJ28: 0.642 | HK28: 0.022 | HL28: 0.127 | HM28: 0.198 | HN28: 0.023 | HO28: 0.099 | HP28: 0.089 | HQ28: 0.023 | HR28: 1.013 | HS28: 0.111 | HT28: 0.044 | HU28: 0.607 | HV28: 0.375 | HW28: 0.057 | HX28: 0.058 | HY28: 0.081 | HZ28: 0.019 | IA28: 0.106 | IB28: 0.281 | IC28: 0.038 | ID28: 1.266 | IE28: 0.086 | IF28: 0.04 | IG28: 0.7769 | IH28: 0.1062 | II28: 0.1111 | IJ28: 0.0376
A29: VINS-Mono | B29: 0.21 | C29: 0.09 | D29: 6.77 | E29: 6.09 | F29: 0.48 | G29: 0.3 | H29: 2.58 | I29: 0.79 | AF29: 0.084 | AG29: 0.105 | AH29: 0.074 | AI29: 0.122 | AJ29: 0.147 | AK29: 0.047 | AL29: 0.066 | AM29: 0.18 | AN29: 0.056 | AO29: 0.09 | AP29: 0.244 | BB29: 1.74 | BC29: 0.44 | BD29: 1.4 | BE29: 0.47 | BF29: 0.35 | BG29: 0.24 | BH29: 3.64 | BI29: 1.06 | BJ29: 0.12 | BK29: 0.05 | BL29: 3.79 | BM29: 1.74 | CD29: 0.32 | CE29: 0.22 | CF29: 5.83 | CG29: 3.38 | CH29: 0.4 | CI29: 0.12 | CJ29: 3.75 | CK29: 2.42 | CL29: 1.31 | CM29: 0.42 | CN29: 5.4 | CO29: 3.47 | CP29: 0.75 | CQ29: 0.15 | CR29: 4.27 | CS29: 2.79 | CT29: 1.09 | CU29: 0.55 | CV29: 16.01 | CW29: 8.86 | CX29: 3.03 | CY29: 10.41 | CZ29: 1.7 | DA29: 7.63 | DB29: 1.15 | DC29: 6.36 | DD29: 0.89 | DE29: 4.34 | DF29: 0.73 | DG29: 3.08 | DH29: 0.59 | DI29: 2.31 | DJ29: 2.44 | DK29: 9.35 | DL29: 1.31 | DM29: 7.28 | DN29: 0.99 | DO29: 4.63 | DP29: 0.66 | DQ29: 3.68 | DR29: 0.56 | DS29: 3.24 | DT29: 0.48 | DU29: 2.73 | ET29: 63.395 | EU29: 80.687 | EV29: 74.842 | EW29: 19.964 | EX29: 18.691 | EY29: 42.451 | EZ29: 26.24 | FA29: 18.226 | FB29: 3.441 | FC29: 1.518 | FD29: 1.775 | FE29: 2.121 | FF29: 1,185 | FG29: 3 | FH29: 1.478 | FI29: 1.248 | FJ29: 92.546 | FK29: 86.508 | FL29: 88.301 | FM29: 100 | FN29: 100 | FO29: 98.795 | FP29: 100 | FQ29: 100 | FR29: 3.51 | FS29: 3.472 | FT29: 8.605 | FU29: 1.234 | FV29: 1.091 | FW29: 2.964 | FX29: 1.167 | FY29: 1.465 | FZ29: 0.205 | GA29: 0.088 | GB29: 0.201 | GC29: 0.176 | GD29: 0.063 | GE29: 0.04 | GF29: 0.131 | GG29: 0.073 | GH29: 0.895 | GI29: 3.22 | GJ29: 0.584 | GK29: 1.254 | GL29: 1.751 | GM29: 1,866 | GN29: 2.246 | GO29: 1.164 | GP29: 1.622 | GQ29: 3.22 | GR29: 2.789 | GS29: 1.211 | GT29: 13.403 | GU29: 0.785 | GV29: 0.714 | GW29: 5.274 | GX29: 3.755 | GY29: 1.282 | MZ29: 2.99 | NA29: 3.7 | NB29: 3.85 | NC29: 8.46 | ND29: 9.51 | NE29: 17.39 | NF29: 695 | NG29: 20.3 | NH29: 25.25 | NI29: 32.01 | NJ29: 2395
A30: VINS-Fusion | B30: 0.24 | C30: 0.07 | D30: 10.19 | E30: 5.6 | F30: 0.4 | G30: 0.19 | H30: 4.81 | I30: 1.87 | U30: 0.54 | V30: 0.46 | W30: 0.33 | X30: 0.78 | Y30: 0.5 | Z30: 0.55 | AA30: 0.23 | AB30: - | AC30: 0.23 | AD30: 0.2 | AE30: - | AQ30: 0.166 | AR30: 0.152 | AS30: 0.125 | AT30: 0.28 | AU30: 0.284 | AV30: 0.076 | AW30: 0.069 | AX30: 0.114 | AY30: 0.066 | AZ30: 0.091 | BA30: 0.096 | BN30: 13.8 | BO30: 5.2 | BP30: 7.93 | BQ30: 3.22 | BR30: 47.9 | BS30: 18.17 | BT30: 9.31 | BU30: 4.78 | BV30: 16.78 | BW30: 4.79 | BX30: 7.49 | BY30: 3.02 | BZ30: 7.14 | CA30: 2.5 | CB30: 6.93 | CC30: 4.81 | AGB30: 0.15 | AGC30: 0.203 | AGD30: 0.234 | AGE30: 0.373 | AGF30: 0.317 | AGG30: 0.507 | AGH30: 0.494 | AGI30: 0.828 | AGJ30: 0.121 | AGK30: 0.121 | AGL30: 0.212 | AGM30: 0.278 | AGN30: 0.029 | AGO30: 0.383 | AGP30: 0.229 | AGQ30: 0.711
A31: OpenVSLAM | B31: 0.15 | C31: 0.08 | D31: 14.13 | E31: 4.73 | F31: 0.14 | G31: 0.04 | H31: 20.85 | I31: 6.54 | BB31: 0.91 | BC31: 0.23 | BD31: 135.99 | BE31: 43.61 | BF31: 1.26 | BG31: 0.51 | BH31: 154.69 | BI31: 41.44 | BJ31: 0.13 | BK31: 0.07 | BL31: 102.54 | BM31: 32.72 | BN31: 2.41 | BO31: 0.88 | BP31: 6.94 | BQ31: 0.75 | BR31: 12.88 | BS31: 5.53 | BT31: 4.18 | BU31: 1.2 | BV31: 1.19 | BW31: 0.46 | BX31: 2.15 | BY31: 0.38 | BZ31: 1.31 | CA31: 0.79 | CB31: 1.2 | CC31: 0.69 | CD31: 0.28 | CE31: 0.23 | CF31: 5.12 | CG31: 1.26 | CH31: 0.1 | CI31: 0.05 | CJ31: 2.86 | CK31: 1.55 | CL31: 0.14 | CM31: 0.1 | CN31: 3.35 | CO31: 0.77 | CP31: 0.42 | CQ31: 0.22 | CR31: 6.37 | CS31: 4.35 | CT31: 0.5 | CU31: 0.36 | CV31: 9.36 | CW31: 2.3
A32: Basalt | B32: 0.05 | C32: 0.03 | D32: 5.99 | E32: 5.36 | F32: 0.17 | G32: 0.09 | H32: 1.42 | I32: 0.67 | AQ32: 0.08 | AR32: 0.06 | AS32: 0.05 | AT32: 0.1 | AU32: 0.08 | AV32: 0.04 | AW32: 0.02 | AX32: 0.03 | AY32: 0.03 | AZ32: 0.02 | BA32: - | BB32: 1.34 | BC32: 0.33 | BD32: 4.25 | BE32: 2.32 | BF32: 1.91 | BG32: 0.68 | BH32: 5.28 | BI32: 1.47 | BJ32: 0.23 | BK32: 0.09 | BL32: 5.92 | BM32: 1.25 | BN32: 5.09 | BO32: 3.38 | BP32: 7.25 | BQ32: 0.88 | BR32: 19.49 | BS32: 9.11 | BT32: 4.88 | BU32: 1.72 | BV32: 4.96 | BW32: 2.48 | BX32: 2.3 | BY32: 0.86 | BZ32: 4 | CA32: 2.11 | CB32: 3.17 | CC32: 2.78 | DV32: 2.679 | DW32: 3.36 | DX32: cam fail | DY32: failed | DZ32: 7.094 | EA32: 0.008 | EB32: 0.003 | EC32: 1.412 | ED32: 0.0084 | EE32: 0.0037 | EF32: 0.8186 | EG32: 0.5398 | EH32: 8.731
A33: Kimera | B33: 0.08 | C33: 0.04 | D33: 6.34 | E33: 5.59 | F33: 0.58 | G33: 0.34 | H33: 3.82 | I33: 2.34 | AQ33: 0.08 | AR33: 0.09 | AS33: 0.11 | AT33: 0.15 | AU33: 0.24 | AV33: 0.05 | AW33: 0.11 | AX33: 0.12 | AY33: 0.07 | AZ33: 0.1 | BA33: 0.19 | EA33: 0.029 | EB33: 0.012 | EC33: 1.716 | ED33: 0.0342 | EE33: 0.0214 | EF33: 0.8811 | EG33: 0.0016 | EH33: 0.034
A34: OpenVINS | B34: 0.11 | C34: 0.05 | D34: 6.05 | E34: 5.45 | F34: 0.48 | G34: 0.16 | H34: 3.36 | I34: 1.3 | BB34: 1.22 | BC34: 0.36 | BD34: 5.62 | BE34: 3.43 | BF34: 2.68 | BG34: 0.88 | BH34: 30.25 | BI34: 20.02 | BJ34: 0.2 | BK34: 0.07 | BL34: 9.69 | BM34: 5.25 | ACV34: 4.49 | ACW34: 11.86 | ACX34: 12.79 | ACY34: 73.07 | ACZ34: 1.87 | ADA34: 52.09
A35: ORB-SLAM3 | B35: 0.07 | C35: 0.03 | D35: 6.39 | E35: 5.94 | F35: 0.11 | G35: 0.04 | H35: 1.68 | I35: 0.93 | J35: 0.016 | K35: 0.027 | L35: 0.028 | M35: 0.138 | N35: 0.072 | O35: 0.033 | P35: 0.015 | Q35: 0.033 | R35: 0.023 | S35: 0.029 | T35: - | U35: 0.029 | V35: 0.019 | W35: 0.024 | X35: 0.085 | Y35: 0.052 | Z35: 0.035 | AA35: 0.025 | AB35: 0.061 | AC35: 0.041 | AD35: 0.028 | AE35: 0.521 | AF35: 0.062 | AG35: 0.037 | AH35: 0.046 | AI35: 0.075 | AJ35: 0.057 | AK35: 0.049 | AL35: 0.015 | AM35: 0.037 | AN35: 0.042 | AO35: 0.021 | AP35: 0.027 | AQ35: 0.036 | AR35: 0.033 | AS35: 0.035 | AT35: 0.051 | AU35: 0.082 | AV35: 0.038 | AW35: 0.014 | AX35: 0.024 | AY35: 0.032 | AZ35: 0.014 | BA35: 0.024 | BB35: 0.02 | BC35: 0.01 | BD35: 1.48 | BE35: 0.45 | BF35: 0.57 | BG35: 0.33 | BH35: 6.66 | BI35: 3.69 | BJ35: 0.02 | BK35: 0.01 | BL35: 5.74 | BM35: 0.42 | BN35: 2.57 | BO35: 0.9 | BP35: 6.85 | BQ35: 0.73 | BR35: 16.27 | BS35: 6.35 | BT35: 4.27 | BU35: 1.43 | BV35: 0.76 | BW35: 0.36 | BX35: 2.18 | BY35: 0.37 | BZ35: 0.67 | CA35: 0.39 | CB35: 0.76 | CC35: 0.41 | DV35: 1.563 | DW35: 3.014 | DX35: 8.641 | DY35: 29.922 | DZ35: 13.046 | EA35: 0.016 | EB35: 0.008 | EC35: 1.388 | ED35: 0.0232 | EE35: 0.0175 | EF35: 0.8313 | EG35: 0.2345 | EH35: 0.848 | KZ35: 0.6572 | LA35: 0.3124 | LB35: 1.0197 | LC35: 0.5122 | LD35: 0.3614 | LE35: 0.1522 | LF35: 0.9178 | LG35: 0.4859 | LH35: 0.009 | LI35: 0.0043 | LJ35: 0.3262 | LK35: 0.2625 | LL35: 0.4368 | LM35: 0.3197 | LN35: 0.78 | LO35: 0.7563 | LP35: 0.4258 | LQ35: 0.3063 | LR35: 0.0102 | LS35: 0.0049 | LT35: 7.2352 | LU35: 5.9487 | LV35: 8.7683 | LW35: 6.4583 | LX35: 6.0054 | LY35: 5.5995 | LZ35: 7.8974 | MA35: 5.5917 | MB35: 0.3007 | MC35: 0.13 | OJ35: 0.4932 | OK35: 0.2667 | OL35: 0.2416 | OM35: 0.1735 | ON35: 0.116 | OO35: 0.0549 | OP35: 0.5883 | OQ35: 0.2517 | OR35: 0.751 | OS35: 0.4684 | OT35: 0.3421 | OU35: 0.1907 | OV35: 0.0096 | OW35: 0.0047 | OX35: 0.0263 | OY35: 0.0131 | OZ35: 0.2612 | PA35: 4.9689 | PB35: 0.1358 | PC35: 2.2674 | PD35: 0.1235 | PE35: 2.2162 | PF35: 0.3239 | PG35: 6.2217 | PH35: 0.2896 | PI35: 5.1773 | PJ35: 0.2014 | PK35: 4.0621 | PL35: 0.012 | PM35: 0.494 | PN35: 0.0223 | PO35: 0.7267 | PP35: 0.496 | PQ35: 0.413 | PR35: 0.989 | PS35: 0.597 | PT35: 0.505 | PU35: 0.328 | PV35: 0.32 | PW35: 0.09 | PX35: 0.039 | PY35: 0.015 | PZ35: 0.692 | QA35: 0.339 | QB35: 0.788 | QC35: 0.491 | QD35: 0.809 | QE35: 0.44 | QF35: 1.297 | QG35: 0.158 | QH35: 0.751 | QI35: 17.809 | QJ35: 0.76 | QK35: 25.277 | QL35: 0.356 | QM35: 15.86 | QN35: 0.323 | QO35: 14.321 | QP35: 0.346 | QQ35: 17.502 | QR35: 0.684 | QS35: 33.701 | QT35: 0.602 | QU35: 30.552 | QV35: 0.58 | QW35: 10.013 | QX35: 0.436 | QY35: 7.778 | VF35: 1.55 | VG35: 2.77 | VH35: 1.86 | VI35: 1.7 | VJ35: 1.55 | VK35: 1.71 | VL35: 5.49 | VM35: 1.93 | VN35: 2.24 | AGB35: 0.302 | AGC35: 0.419 | AGD35: 0.217 | AGE35: * | AGF35: 0.709 | AGG35: 0.895 | AGH35: 1.693 | AGI35: 3.006 | AGJ35: 0.148 | AGK35: 0.067 | AGN35: 0.069 | AGO35: * | AGP35: 0.067 | AGQ35: 0.476
A36: DRE | ADZ36: 0.0171 | AEA36: 0.0252 | AEB36: 0.0233 | AEC36: 0,0436 | AED36: 0.0218 | AEE36: 0.0335 | AEF36: 0.0274 | AEG36: 0.0461 | AEH36: 0.0116 | AEI36: 0.0403 | AEJ36: 0.0212 | AEK36: 0.0315 | AEL36: 0.0162 | AEM36: 0.0209 | AEN36: 0.0088 | AEO36: 0.0192 | AEP36: 0.0129 | AEQ36: 0.0246 | AER36: 0.0108 | AES36: 0.0185 | AET36: 0.0162 | AEU36: 0.0309 | AEV36: 0.0175 | AEW36: 0.0236 | AEX36: 0.0133 | AEY36: 0.027 | AEZ36: 0.011 | AFA36: 0.0262 | AFB36: 0.0206 | AFC36: 0.0358 | AFD36: 0.0231 | AFE36: 0.0317 | AFF36: 0.0184 | AFG36: 0.0274 | AFH36: 0.0164 | AFI36: 0.0549 | AFJ36: 0.0141 | AFK36: 0.0229 | AFL36: 0.0284 | AFM36: 0.0331 | AFN36: 0.0127 | AFO36: 0.0256 | AFP36: 0.0136 | AFQ36: 0.0317 | AFR36: 0.0262 | AFS36: 0.038 | AFT36: 0.019 | AFU36: 0.0314 | AFV36: 0.0095 | AFW36: 0.0292 | AFX36: 0.0225 | AFY36: 0.0519 | AFZ36: 0.0222 | AGA36: 0.0575
A37: SVO | J37: 0.1 | K37: 0.12 | L37: 0.41 | M37: 0.43 | N37: 0.3 | O37: 0.07 | P37: 0.21 | Q37: - | R37: 0.11 | S37: 0.11 | T37: 1.08 | U37: 0.04 | V37: 0.07 | W37: 0.27 | X37: 0.17 | Y37: 0.12 | Z37: 0.04 | AA37: 0.04 | AB37: 0.07 | AC37: 0.05 | AD37: 0.09 | AE37: 0.79 | ABL37: Fail | ABM37: Fail | ABN37: 4.12 | ABO37: 2.29 | ABP37: 2.91 | ABQ37: 3.32 | ABR37: 7.84 | ABS37: Fail | ABT37: Fail
A38: DSO | J38: 0.046 | K38: 0.046 | L38: 0.172 | M38: 3.81 | N38: 0.11 | O38: 0.089 | P38: 0.107 | Q38: 0.903 | R38: 0.044 | S38: 0.132 | T38: 1.152 | GH38: 3.783 | GI38: 15.598 | GJ38: 1.321 | GK38: 0.683 | GL38: 1.793 | GM38: 17.815 | GN38: 2.699 | GO38: 0.671 | GP38: 5.545 | GQ38: 17.815 | GR38: 6.991 | GS38: 2.636 | GU38: 6.399 | GZ38: 0.054 | HA38: 0.132 | HB38: 0.018 | HC38: 0.063 | HD38: 0.134 | HE38: 0.025 | HF38: 0.209 | HG38: 0.711 | HH38: 0.028 | HI38: 0.173 | HJ38: 0.632 | HK38: 0.022 | HL38: 0.169 | HM38: 0.199 | HN38: 0.023 | HO38: 0.104 | HP38: 0.088 | HQ38: 0.023 | HR38: 1.047 | HS38: 0.137 | HT38: 0.044 | HU38: 0.584 | HV38: 0.334 | HW38: 0.057 | HX38: 0.064 | HY38: 0.081 | HZ38: 0.018 | IA38: 0.162 | IB38: 0.306 | IC38: 0.037 | ID38: 1.439 | IE38: 0.087 | IF38: 0.036 | IG38: 0.8496 | IH38: 0.1683 | II38: 0.1373 | IJ38: 0.0355 | MZ38: 2.98 | NA38: 3.68 | NB38: 3.49 | NC38: 7.57 | ND38: 10.05 | NE38: 13.87 | NF38: 1116 | NG38: 16.28 | NH38: 23.9 | NI38: 24.3 | NJ38: 5188
A39: DynaSLAM | GZ39: 0.042 | HA39: 0.494 | HB39: 0.006 | HC39: 0.036 | HD39: 0.465 | HE39: 0.007 | HF39: 0.043 | HG39: 1.102 | HH39: 0.007 | HI39: 0.076 | HJ39: 0.568 | HK39: 0.011 | HL39: 0.056 | HM39: 0.592 | HN39: 0.01 | HO39: 0.054 | HP39: 0.459 | HQ39: 0.006 | HR39: 0.055 | HS39: 0.534 | HT39: 0.011 | HU39: 0.097 | HV39: 0.411 | HW39: 0.01 | HX39: 0.047 | HY39: 0.227 | HZ39: 0.008 | IA39: 0.053 | IB39: 0.552 | IC39: 0.009 | ID39: 0.097 | IE39: 0.479 | IF39: 0.012 | IG39: 6.1891 | IH39: 0.0525 | II39: 0.4787 | IJ39: 0.0099 | KZ39: 0.0296 | LA39: 0.0157 | LB39: 0.0354 | LC39: 0.019 | LD39: 0.0068 | LE39: 0.0032 | LF39: 0.0164 | LG39: 0.0086 | LH39: 0.0108 | LI39: 0.0056 | LJ39: 0.0284 | LK39: 0.0149 | LL39: 0.0448 | LM39: 0.0262 | LN39: 0.0089 | LO39: 0.0044 | LP39: 0.0217 | LQ39: 0.0119 | LR39: 0.0126 | LS39: 0.0067 | LT39: 0.7842 | LU39: 0.4012 | LV39: 0.9894 | LW39: 0.5701 | LX39: 0.2612 | LY39: 0.1259 | LZ39: 0.6284 | MA39: 0.3848 | MB39: 0.3416 | MC39: 0.1642 | VO39: 0.007 | VP39: 0.015 | VQ39: 0.028 | VR39: 0.007 | VS39: 0.017 | VT39: 0.026 | VU39: 0.03 | VV39: 0.029 | VW39: 0.049 | VX39: 0.035 | VY39: 0.016 | VZ39: 0.031 | WA39: 0.038 | WB39: 0.029 | WC39: 0.035 | WD39: 0.232 | WE39: 0.039 | WF39: 0.044 | WG39: 0.263 | WH39: 0.061 | WI39: 0.078 | WJ39: 0.575 | WK39: 0.021 | WL39: 0.058 | WM39: 0.255 | WN39: 0.016 | WO39: 0.021 | WP39: 0.291 | WQ39: 0.015 | WR39: 0.009 | AGB39: 1.621 | AGC39: 1.426 | AGD39: 1.638 | AGE39: * | AGF39: 3.333 | AGG39: 3.314 | AGH39: 3.074 | AGI39: 3.865 | AGJ39: 0.108 | AGK39: 0.17 | AGL39: * | AGM39: * | AGN39: 0.081 | AGO39: 1.017 | AGP39: 0.467 | AGQ39: 0.937
A40: DynSLAM
A41: RTAB-Map | U41: 0.017 | V41: 0.015 | W41: 0.026 | X41: 0.11 | Y41: 0.053 | Z41: 0.071 | AA41: 0.024 | AB41: 0.097 | AC41: 0.082 | AD41: 0.055 | AE41: - | JB41: 0.461 | JC41: 0.023 | JD41: 0.695 | JE41: 0.416 | JF41: 0.45 | JG41: 0.2 | JH41: 1.387 | JI41: 0.025 | JJ41: 4.584 | JK41: 0.831 | JL41: 0.366 | JM41: 1.11 | JN41: 0.2 | JO41: 0.08 | JP41: 0.05 | JQ41: 0.09 | JR41: 0.05 | JS41: 0.08 | JT41: 0.05 | JU41: 0.05 | JV41: 0.05 | JW41: 0.01 | JX41: 0.2 | JY41: 0.12 | JZ41: 0.12 | KA41: 0.14 | KB41: 0.06 | KC41: 0.12 | KD41: 0.07 | KE41: 0.06 | KF41: 0.07 | KG41: 0.03 | KH41: 0.036 | KI41: 0.033 | KJ41: 0.012 | KK41: 0.041 | KL41: 0.038 | KM41: 0.017 | KN41: 0.063 | KO41: 0.055 | KP41: 0.023 | KQ41: 3.437 | KR41: 2.979 | KS41: 1.629 | KT41: 0.126 | KU41: 0.118 | KV41: 0.057 | KW41: 4.421 | KX41: 3.23 | KY41: 1.974 | VF41: 0.36 | VG41: 0.67 | VH41: 1.5 | VI41: 0.94 | VJ41: 0.38 | VK41: 0.38 | VL41: 7.82 | VM41: 0.93 | VN41: 0.79 | ADZ41: 0.0574 | AEA41: 0.0934 | AEB41: 0.0429 | AEC41: 0.0633 | AED41: 0.0964 | AEE41: 0.1406 | AEF41: 0.0422 | AEG41: 0.0672 | AEH41: 0.0216 | AEI41: 0.0364 | AEJ41: 0.0447 | AEK41: 0.0648 | AEL41: 0.0339 | AEM41: 0.0433 | AEN41: 0.1342 | AEO41: 0.0991 | AEP41: 0.0228 | AEQ41: 0.0401 | AER41: 0.0655 | AES41: 0.0915 | AET41: 0.0683 | AEU41: 0.0797 | AEV41: 0.0915 | AEW41: 0.0818 | AEX41: 0.0321 | AEY41: 0.0561 | AEZ41: 0.0325 | AFA41: 0.0396 | AFB41: 0.0227 | AFC41: 0.0451 | AFD41: 0.0087 | AFE41: 0.0252 | AFF41: 0.0374 | AFG41: 0.0211 | AFH41: 0.0072 | AFI41: 0.0246 | AFJ41: 0.1627 | AFK41: 0.1739 | AFL41: 0.1396 | AFM41: 0.1329 | AFN41: 0.0896 | AFO41: 0.0846 | AFP41: 0.0277 | AFQ41: 0.0332 | AFR41: 0.0211 | AFS41: 0.0258 | AFT41: 0.034 | AFU41: 0.0471 | AFV41: 0.0127 | AFW41: 0.0357 | AFX41: 0.0111 | AFY41: 0.0195 | AFZ41: 0.0257 | AGA41: 0.0416
A42: FAST-LIO2 | CX42: 1.36 | CY42: 2.35 | CZ42: 0.66 | DA42: 0.82 | DB42: 0.47 | DC42: 0.6 | DD42: 0.37 | DE42: 0.36 | DF42: 0.37 | DG42: 0.31 | DH42: 0.21 | DI42: 0.2 | DJ42: 1.31 | DK42: 2.22 | DL42: 0.69 | DM42: 1.34 | DN42: 0.49 | DO42: 0.89 | DP42: 0.31 | DQ42: 0.59 | DR42: 0.26 | DS42: 0.31 | DT42: 0.25 | DU42: 0.29 | QZ42: 1.08 | RA42: 0.49 | RB42: 1.61 | RC42: 1.11 | RD42: 19.98 | RE42: 5.52 | RF42: 5.27 | RG42: 5.52 | RT42: 1.294 | RU42: 1.449 | RV42: 2.495 | RW42: 0.815 | RX42: 0.822 | RY42: 0.873 | RZ42: 1.137 | SA42: 1.048 | SB42: 15.551 | SC42: 0.635 | SD42: 0.297 | SE42: 0.068 | SF42: 0.059 | SG42: 0.05 | SH42: 1.32 | SI42: 0.319 | SJ42: 0.078 | SK42: 0.091 | SL42: 0.134 | SM42: 0.058 | SN42: 0.15 | SO42: 0.161 | SP42: 0.152 | SQ42: 1.137 | SR42: 0.09 | SS42: 0.103 | ST42: 0.146 | SU42: 0.293 | SV42: 0.102 | SW42: 0.056 | SX42: 0.031 | SY42: 0.047 | SZ42: 0.041 | TA42: 0.047 | TB42: 0.036 | TC42: 0.036 | TD42: 0.033 | TE42: 0.034 | TF42: 0.0585 | TG42: 0.0318 | TH42: 0.0351 | TI42: 0.0305 | TJ42: 0.0286 | TK42: 0.0315 | TL42: 0.0324 | TM42: 0.0322 | TN42: 0.0428 | TO42: 0.0494 | TP42: 0.1 151 | TQ42: 0.0543 | TR42: 0.0432 | TS42: 0.059 | TT42: 0.0468 | TU42: 0.0686 | TV42: 0.0821 | TW42: 0.0603 | TX42: 0.3883 | TY42: 0.3659 | TZ42: 0.3443 | UA42: 0.08 | UB42: 1.7658 | UC42: 1.2244 | UD42: 1.1653 | UE42: 2 | UF42: 3.8 | UG42: 2.5 | UH42: 1 1.9 | UI42: 2.8 | UJ42: 12.8 | UK42: 1.2 | UL42: 0.8 | UM42: 0.7 | UN42: 0.5 | UO42: 1.2 | UP42: 2.1 | UQ42: 1.1 | UR42: 1.2 | US42: 1.2 | UT42: 0.8 | UU42: 1.8 | UV42: 3 | UW42: 1.4 | UX42: 2 | UY42: 1.1 | UZ42: 1.5 | VA42: 1.09 | VB42: 0.76 | VC42: 0.08 | VD42: 7.1 | VF42: 0.04 | VG42: 0.07 | VH42: 0.08 | VI42: 0.12 | VJ42: 0.05 | VK42: 0.04 | VL42: 5 | VM42: 0.07 | VN42: 0.09 | ABL42: 0.21 | ABM42: 0.17 | ABN42: 0.21 | ABO42: 0.14 | ABP42: 0.21 | ABQ42: 0.13 | ABR42: 0.18 | ABS42: 0.16 | ABT42: 0.14 | ABU42: 0.91 | ABV42: 0.82 | ABW42: 12.73 | ABX42: 13.37 | ABY42: 14.6 | ABZ42: 7.22 | ACA42: 1.21 | ACB42: 1.11 | ACC42: 0.83 | ACD42: 0.35 | ACE42: 0.35 | ACF42: 0.71 | ACG42: 0.84 | ACH42: 1.18 | ACI42: 1.8 | ACJ42: 1.48 | ACK42: 1.62 | ACL42: 0.75 | ADN42: 0.79 | ADO42: 0.3 | ADP42: 2.21 | ADQ42: 4.22 | ADR42: 48555.33 | ADS42: 9268.71 | ADT42: 5.92 | ADU42: 5.69 | ADV42: 0.99 | ADW42: 1.44 | ADX42: 1.72 | ADY42: 2.6
A43: LIO-SAM | DV43: 2.157 | DW43: 10.778 | DX43: 1.142 | DY43: 1.194 | DZ43: 3.467 | EA43: 0.0606 | EB43: 0.037 | EC43: 1.509 | ED43: 0.0551 | EE43: 0.0263 | EF43: 0.8293 | EG43: 0.0165 | EH43: 2.24 | JN43: 1.65 | JO43: 1 | JP43: 1.11 | JQ43: 1.13 | JR43: 0.53 | JS43: 1.32 | JT43: 0.53 | JU43: 0.4 | JV43: 0.68 | JW43: 0.43 | JX43: 0.83 | JY43: 0.2 | JZ43: 0.18 | KA43: 0.22 | KB43: 0.1 | KC43: 0.77 | KD43: 0.36 | KE43: 0.34 | KF43: 0.4 | KG43: 0.19 | NK43: 0.537 | NL43: 0.374 | NM43: 0.836 | NN43: 0.428 | NO43: 0.493 | NP43: 0.338 | NQ43: 0.28 | NR43: 0.509 | NS43: 0.675 | NT43: 0.351 | NU43: 10 | NV43: 10 | NW43: 10 | QZ43: 2.61 | RA43: 1.24 | RB43: 2.7 | RC43: 1.51 | RD43: 14.27 | RE43: 17.19 | RF43: 5.9 | RG43: 4.19 | RT43: 1.473 | RU43: 4.67 | RV43: 12.888 | SE43: 0.083 | SF43: 0.075 | SG43: 0.099 | SH43: 2.942 | SI43: 0.519 | SJ43: 0.082 | SK43: 0.083 | SL43: 0.111 | SM43: 0.092 | SN43: 0.151 | SO43: 0.195 | SP43: 0.209 | SQ43: 2.63 | SR43: 0.205 | SS43: 0.117 | ST43: 0.118 | SU43: 0.216 | SV43: 0.211 | SW43: 0.075 | SX43: 0.069 | SY43: 0.101 | SZ43: 0.076 | TA43: 0.09 | TB43: 0.137 | TC43: 0.089 | TD43: 0.083 | TE43: 0.14 | TF43: 0.0624 | TG43: 0.0457 | TH43: 0.0403 | TI43: 2.096 | TJ43: x | TK43: 0.0468 | TL43: 0.0444 | TM43: 0.0461 | TN43: 0.0494 | TO43: 0.2571 | TP43: 0.1091 | TQ43: 0.0576 | TR43: x | TS43: 0.033 | TT43: 0.0283 | TU43: 0.162 | TV43: 0.6641 | TW43: 1.0071 | UB43: 1.2931 | UC43: 0.9685 | UD43: x | ZL43: 0.1058 | ZM43: 0.1557 | ZN43: 0.1486 | ZO43: 0.0952 | ZP43: 0.0727 | ZQ43: 0.0674 | ZR43: 0.1047 | ZS43: 0.1022 | ZT43: 0.102 | ZU43: 0.0789 | ZV43: 0.0698 | ZW43: 0.0715 | ZX43: 2.22 | ZY43: 2.487 | ZZ43: 1.972 | AAA43: 3.951 | ABU43: 1.11 | ABV43: 0.38 | ABW43: - | ABX43: - | ABY43: - | ABZ43: - | ACA43: 2.39 | ACB43: 1.53 | ACC43: 0.83 | ACD43: 0.43 | ACE43: 0.37 | ACF43: - | ACG43: - | ACH43: - | ACI43: - | ACJ43: 1.87 | ACK43: 1.46 | ACL43: 0.65 | ACO43: 2.54 | ACP43: 2.5 | ACQ43: 2.28 | ACR43: 5.31 | ACV43: 1.52 | ACW43: 0.12 | ACX43: 2.64 | ACY43: Fail | ACZ43: Fail | ADA43: Fail | ADJ43: 2.45 | ADK43: 1.26 | ADL43: 0.58 | ADM43: 0.52
A44: DV-LOAM | EI44: 0.66 | EJ44: 1.74 | EK44: 0.84 | EL44: 0.85 | EM44: 0.39 | EN44: 0.43 | EO44: 0.7 | EP44: 0.42 | EQ44: 0.93 | ER44: 0.75 | ES44: 0.87
A45: DVL-SLAM | EI45: 0.93 | EJ45: 1.47 | EK45: 1.11 | EL45: 0.92 | EM45: 0.67 | EN45: 0.82 | EO45: 0.92 | EP45: 1.26 | EQ45: 1.32 | ER45: 0.66 | ES45: 0.7 | ABL45: 2.88 | ABM45: 1.65 | ABN45: 3.08 | ABO45: 2.09 | ABP45: 1.45 | ABQ45: 1.82 | ABR45: 1.08 | ABS45: 2.31 | ABT45: 2.23
A46: SDV-LOAM
A47: VoxelMap | RW47: 0.577 | RX47: 0.146 | RY47: 0.95 | RZ47: 0.586 | SA47: 0.786 | SB47: 0.807 | SC47: 0.366 | SD47: 0.279 | SW47: 0.075 | SX47: 0.033 | SY47: 0.07 | SZ47: 0.048 | TA47: 0.04 | TB47: 0.05 | TC47: 0.041 | TD47: 0.072 | TE47: 0.058 | TF47: 0.0699 | TG47: 0.0506 | TH47: 0.0631 | TI47: 0.0508 | TJ47: 0.0425 | TK47: 0.0494 | TL47: 0.0535 | TM47: 0.0525 | TN47: 0.0498 | TO47: 9.7416 | TP47: 2.4479 | TQ47: 0.0792 | TR47: 0.0326 | TS47: 0.0247 | TT47: 0.0331 | TU47: 11.3792 | TV47: x | TW47: x | TX47: x | TY47: x | TZ47: 17.0007 | UA47: 19.9993 | UB47: 7.855 | UC47: x | UD47: 9.5255 | UE47: 0.9 | UF47: 2.8 | UG47: 1.9 | UH47: 7.8 | UI47: 1.7 | UJ47: 6.1 | UK47: 1.2 | UL47: 0.7 | UM47: 0.6 | UN47: 0.3 | UO47: 0.8 | UP47: 1.2 | UQ47: 0.4 | UR47: 0.4 | US47: 0.7 | UT47: 7 | UU47: 1.1 | UV47: 2.3 | UW47: 1 | UX47: 1.9 | UY47: 1 | UZ47: 1.1 | VA47: 0.03 | VB47: 0.02 | VC47: 0.01 | VD47: 6.9
A48: R2LIVE | CX48: 1.21 | CY48: 2.47 | CZ48: 0.61 | DA48: 1.02 | DB48: 0.59 | DC48: 0.6 | DD48: 0.34 | DE48: 0.34 | DF48: 0.37 | DG48: 0.33 | DH48: 0.34 | DI48: 0.21 | DJ48: 1.13 | DK48: 2.06 | DL48: 0.65 | DM48: 1.45 | DN48: 0.49 | DO48: 0.88 | DP48: 0.31 | DQ48: 0.57 | DR48: 0.26 | DS48: 0.3 | DT48: 0.29 | DU48: 0.16 | ABL48: 0.45 | ABM48: 0.21 | ABN48: 0.97 | ABO48: 0.19 | ABP48: 0.63 | ABQ48: 0.31 | ABR48: 0.56 | ABS48: 0.24 | ABT48: 0.44
A49: R3LIVE | CX49: 1.48 | CY49: 2.21 | CZ49: 0.54 | DA49: 1.06 | DB49: 0.49 | DC49: 0.6 | DD49: 0.31 | DE49: 0.41 | DF49: 0.25 | DG49: 0.31 | DH49: 0.22 | DI49: 0.23 | DJ49: 0.98 | DK49: 2.08 | DL49: 0.55 | DM49: 1.61 | DN49: 0.47 | DO49: 0.99 | DP49: 0.39 | DQ49: 0.65 | DR49: 0.33 | DS49: 0.33 | DT49: 0.25 | DU49: 0.14
A50: cuVSLAM
A51: DynaVINS | AGB51: 0.171 | AGC51: 0.178 | AGD51: 0.091 | AGE51: 0.148 | AGF51: 0.213 | AGG51: 0.182 | AGH51: 0.201 | AGI51: 0.198 | AGJ51: 0.049 | AGK51: 0.042 | AGL51: 0.064 | AGM51: 0.042 | AGN51: 0.032 | AGO51: 0.038 | AGP51: 0.025 | AGQ51: 0.029
A52: LIO-SAM (No-LoopClosure) | SE52: 0.086 | SF52: 0.069 | SG52: 0.105 | SH52: 3.438 | SI52: 1.381 | SJ52: 0.085 | SK52: 0.088 | SL52: 0.114 | SM52: 0.089 | SN52: 0.143 | SO52: 0.172 | SP52: 0.201 | SQ52: 2.662 | SR52: 0.174 | SS52: 0.109 | ST52: 0.129 | SU52: 0.223 | SV52: 0.246 | UB52: 4.0678 | UC52: 3.8518 | UD52: x | ZX52: 8.857 | ZY52: 3.215 | ZZ52: 1.288 | AAA52: 3.524 | ACV52: 3.54 | ACW52: 5.48 | ACX52: 2.18 | ACY52: 53.62 | ACZ52: 58.91 | ADA52: 20.17
A53: SLICT | TF53: 0.0316 | TG53: 0.0249 | TH53: 0.0275 | TI53: 0.0229 | TJ53: 0.0227 | TK53: 0.026 | TL53: 0.0298 | TM53: 0.0291 | TN53: 0.0335 | TO53: 0.0447 | TP53: 0.0466 | TQ53: 0.0501 | TR53: 0.0287 | TS53: 0.0201 | TT53: 0.0383 | TU53: 0.061 | TV53: 0.1 | TW53: 0.0661 | TX53: 0.3843 | TY53: 0.3496 | TZ53: 0.1155 | UA53: 0.0844 | UB53: 0.7437 | UC53: 0.5401 | UD53: 0.6226
A54: DS-SLAM | KZ54: 0.0303 | LA54: 0.0159 | LB54: 0.4442 | LC54: 0.235 | LD54: 0.0081 | LE54: 0.0033 | LF54: 0.0247 | LG54: 0.0161 | LH54: 0.0065 | LI54: 0.0033 | LJ54: 0.0297 | LK54: 0.0152 | LL54: 0.1503 | LM54: 0.1168 | LN54: 0.0102 | LO54: 0.0038 | LP54: 0.0333 | LQ54: 0.0229 | LR54: 0.0078 | LS54: 0.0038 | LT54: 0.8142 | LU54: 0.4101 | LV54: 3.0042 | LW54: 2.3065 | LX54: 0.269 | LY54: 0.1215 | LZ54: 0.8266 | MA54: 0.2826 | MB54: 0.2735 | MC54: 0.1215
A55: RS-SLAM
A56: LOAM | DV56: 2.062 | DW56: 3.208 | DX56: 1.751 | DY56: 1.669 | DZ56: 5.918 | EA56: 0.03 | EB56: 0.011 | EC56: 1.505 | ED56: 0.2772 | EE56: 0.0129 | EF56: 0.8316 | EG56: 0.0484 | EH56: 2.422 | EI56: 0.78 | EJ56: 1.43 | EK56: 0.92 | EL56: 0.86 | EM56: 0.71 | EN56: 0.57 | EO56: 0.65 | EP56: 0.63 | EQ56: 1.12 | ER56: 0.77 | ES56: 0.79 | NO56: 5 | NP56: 5 | NQ56: 5 | NR56: 10 | NS56: 10 | NT56: 10 | NU56: 10 | NV56: 10 | NW56: 10 | ZB56: 72.91 | ZC56: 2.16 | ZD56: 19.35 | ZE56: 5.59 | ZF56: 1.21 | ZG56: 76.84 | ZH56: 4.64 | ZI56: 26.5 | ZJ56: 10.6 | ZK56: 5.38 | ZL56: 0.4469 | ZM56: 0.447 | ZN56: 0.4471 | ZO56: 0.4472 | ZP56: 0.4473 | ZQ56: 0.4474 | ZR56: 0.4475 | ZS56: 0.4476 | ZT56: 0.4477 | ZU56: 0.4478 | ZV56: 0.4479 | ZW56: 0.448 | AAB56: 4.33 | AAC56: 1.38 | AAD56: 1.19 | AAE56: 0.6 | AAF56: 2.58 | AAG56: 2.11 | AAH56: 0.44 | AAI56: 0.99 | AAJ56: 1.65 | AAK56: 1.41 | ACM56: 479.51 | ACN56: 819.95 | ACO56: 2.39 | ACP56: 2.58 | ACQ56: 11.2 | ACR56: 12.7 | ACS56: 0.78 | ACT56: 0.21 | ACU56: 0.43 | ACV56: 44.92 | ACW56: 61.73 | ACX56: 61.41 | ACY56: Fail | ACZ56: Fail | ADA56: Fail
A57: LeGO-LOAM | DV57: 1.316 | DW57: 2.759 | DX57: 11.853 | DY57: 8.647 | DZ57: 7.891 | EA57: 0.105 | EB57: 0.108 | EC57: 1.507 | ED57: 0.0972 | EE57: 0.0397 | EF57: 0.8279 | EG57: 0.0058 | EH57: 3.188 | EI57: 1.51 | EJ57: - | EK57: 1.96 | EL57: 1.41 | EM57: 1.69 | EN57: 1.01 | EO57: 0.9 | EP57: 0.81 | EQ57: 1.48 | ER57: 1.57 | ES57: 1.81 | MD57: 5.9 | ME57: 207.46 | MF57: 58.9 | MG57: 1.49 | MH57: 0.9 | MI57: 2.41 | MJ57: 4.26 | MK57: 2.25 | ML57: 4.76 | MM57: 3.14 | MN57: 3.19 | MO57: 3.16 | MP57: 3.14 | MQ57: 3.36 | MR57: 3.07 | MS57: 0.82 | MT57: 3.15 | MU57: 3.38 | MV57: 3.2 | MW57: 3.23 | MX57: 3.16 | MY57: 3.15 | NK57: 0.475 | NL57: 0.322 | NM57: 1.263 | NN57: 0.674 | NO57: 0.707 | NP57: 0.768 | NQ57: 0.3 | NR57: 1.191 | NS57: 1.309 | NT57: 0.546 | NU57: 9.537 | NV57: 11.666 | NW57: 6.718 | NX57: 0.3527 | NY57: 0.043 | NZ57: 0.228 | OA57: 0.253 | OB57: 0.111 | OC57: 0.482 | OD57: 0.508 | OE57: 0.162 | OF57: 0.381 | OG57: 0.405 | OH57: 0.135 | RH57: 2.55 | RI57: 1.211 | RJ57: 19.4 | RK57: 7.1 | RL57: 0.982 | RM57: 0.667 | RN57: 7.1 | RO57: 3.3 | RP57: 9.683 | RQ57: 5.618 | RR57: 102.1 | RS57: 45 | UE57: 2.8 | UF57: 6.3 | UG57: 3.8 | UH57: 119.4 | UI57: 4.1 | UJ57: 14.7 | UK57: 4.1 | UL57: 0.9 | UM57: 3.3 | UN57: 0.8 | UO57: 1.9 | UP57: 2.8 | UQ57: 1.4 | UR57: 0.8 | US57: 1.5 | UT57: 0.7 | UU57: 2.5 | UV57: 3.5 | UW57: 2.2 | UX57: 2.1 | UY57: 1.9 | UZ57: 1.8 | ZB57: 10.17 | ZC57: 3.35 | ZD57: 1.97 | ZE57: 3.66 | ZF57: 1.12 | ZG57: 30.13 | ZH57: 8.7 | ZI57: 26.08 | ZJ57: 18.93 | ZK57: 6.62 | ABG57: 4.334 | ABH57: 4.369 | ABI57: 5.44 | ABJ57: 6.224 | ABK57: 7.248 | ACM57: 17.12 | ACN57: 6.46 | ACO57: 2.22 | ACP57: 2.3 | ACQ57: 2.7 | ACR57: 4.15 | ACS57: 0.25 | ACT57: 78.22 | ACU57: 0.82
A58: HDL_Graph_SLAM | DV58: 1.99 | DW58: 1.474 | DX58: 1.847 | DY58: 3.983 | DZ58: 3.337 | EA58: 0.241 | EB58: 0.174 | EC58: 1.449 | ED58: 0.327 | EE58: 0.2148 | EF58: 0.8392 | EG58: - | EH58: - | NO58: 0.893 | NP58: 0.912 | NQ58: 0.476 | NR58: 0.954 | NS58: 1.253 | NT58: 0.767 | NU58: 1.378 | NV58: 1.424 | NW58: 0.779
A59: SVO2 | DV59: 4.559 | DW59: 4.662 | DX59: cam fail | DY59: failed | DZ59: 5.589 | EA59: 0.009 | EB59: 0.003 | EC59: 1.475 | ED59: 0.0086 | EE59: 0.0037 | EF59: 0.8325 | EG59: 0.3648 | EH59: 0.4
A60: RTAB-MAP S2S | EI60: 0.82 | EJ60: 3.17 | EK60: 1.26 | EL60: 1.02 | EM60: 1.21 | EN60: 0.51 | EO60: 0.58 | EP60: 0.58 | EQ60: 1.11 | ER60: 0.9 | ES60: 1.64
A61: RTAB-MAP S2M | EI61: 0.86 | EJ61: 2.52 | EK61: 1.14 | EL61: 1.03 | EM61: 1.18 | EN61: 0.56 | EO61: 0.58 | EP61: 0.65 | EQ61: 1.25 | ER61: 0.9 | ES61: 1.52
A62: RTAB-MAP LOAM | EI62: 1.2 | EJ62: 2.9 | EK62: 4.4 | EL62: 1.1 | EM62: 1.5 | EN62: 0.8 | EO62: 0.9 | EP62: 0.6 | EQ62: 1.5 | ER62: 1.2 | ES62: 1.7
A63: RTAB. Stereo. F2F | U63: 0.031 | V63: 0.042 | W63: 0.12 | X63: 0.12 | Y63: 0.101 | Z63: 0.084 | AA63: 0.069 | AB63: X | AC63: 0.17 | AD63: 0.89 | AE63: X | EI63: 0.85 | EJ63: 2.38 | EK63: 1.01 | EL63: 0.9 | EM63: 0.35 | EN63: 0.49 | EO63: 1.25 | EP63: 0.62 | EQ63: 1.56 | ER63: 1.24 | ES63: 1.71
A64: RTAB. Stereo. F2M | U64: 0.017 | V64: 0.025 | W64: 0.068 | X64: 0.16 | Y64: 0.076 | Z64: 0.071 | AA64: 0.04 | AB64: 0.097 | AC64: 0.082 | AD64: 0.12 | AE64: X | EI64: 0.68 | EJ64: 2.04 | EK64: 0.97 | EL64: 0.77 | EM64: 0.45 | EN64: 0.38 | EO64: 0.57 | EP64: 0.56 | EQ64: 1.17 | ER64: 1.38 | ES64: 0.48
A65: RTAB. Stereo. Fovis | U65: 0.044 | V65: 0.1 | W65: 0.099 | X65: 0.32 | Y65: 0.36 | Z65: 0.1 | AA65: 0.26 | AB65: X | AC65: 0.44 | AD65: 0.8 | AE65: X | EI65: 9.09 | EJ65: X | EK65: X | EL65: 1.79 | EM65: 2.22 | EN65: 4.26 | EO65: 6.95 | EP65: 3.65 | EQ65: 5.39 | ER65: 14.8 | ES65: 10.6
A66: RTAB. Stereo. ORB2 | U66: 0.018 | V66: 0.015 | W66: 0.026 | X66: 0.11 | Y66: 0.053 | Z66: 0.078 | AA66: 0.024 | AB66: 0.18 | AC66: 0.11 | AD66: 0.055 | AE66: X | EI66: 0.67 | EJ66: 0.96 | EK66: 0.75 | EL66: 0.62 | EM66: 0.5 | EN66: 0.35 | EO66: 0.48 | EP66: 0.53 | EQ66: 1.06 | ER66: 0.87 | ES66: 0.54
A67: RTAB. Stereo. Viso2 | EI67: 2.38 | EJ67: 5.92 | EK67: 4.19 | EL67: 1.94 | EM67: 0.66 | EN67: 1.85 | EO67: 4.6 | EP67: 1.04 | EQ67: 2.82 | ER67: 1.68 | ES67: 1.93
A68: RTAB. OKVIS (IMU+Ste.) | AQ68: 0.04 | AR68: 0.033 | AS68: 0.076 | AT68: 0.1 | AU68: 0.102 | AV68: 0.042 | AW68: 0.032 | AX68: 0.072 | AY68: 0.162 | AZ68: 0.117 | BA68: 0.144
A69: RTAB. MSCKF (IMU+Ste.) | AQ69: 0.088 | AR69: 0.087 | AS69: 0.09 | AT69: 0.16 | AU69: 0.12 | AV69: 0.06 | AW69: 0.048 | AX69: 0.13 | AY69: 0.135 | AZ69: 0.119 | BA69: 0.157
A70: MSCKF | ET70: 156.018 | EU70: 294.091 | EV70: 102.657 | EW70: 44.493 | EX70: 114.845 | EY70: 82.885 | EZ70: 66.001 | FA70: 105.492 | FB70: 6,584 | FC70: 8.703 | FD70: 3.324 | FE70: 6,952 | FF70: 4.031 | FG70: 4.928 | FH70: 2.625 | FI70: 6.81 | FJ70: 40.186 | FK70: 1.646 | FL70: 61.423 | FM70: 97.814 | FN70: 76.629 | FO70: 76.738 | FP70: 94.128 | FQ70: 68.341 | FR70: 7.436 | FS70: 14.58 | FT70: 10.151 | FU70: 3.78 | FV70: 8.338 | FW70: 8.388 | FX70: 6.761 | FY70: 4.576 | FZ70: 0.203 | GA70: 0.135 | GB70: 0.195 | GC70: 0.186 | GD70: 0.104 | GE70: 0.167 | GF70: 0.17 | GG70: 0.12 | GH70: 1.154 | GI70: 5.182 | GJ70: 3.82 | GK70: 3.73 | GL70: 2.872 | GM70: 4.366 | GN70: 6.712 | GO70: 9.532 | GP70: 4.671 | GQ70: 9.532
A71: OKVIS | ET71: 71.677 | EU71: 87.73 | EV71: 68.381 | EW71: 22.949 | EX71: 146.89 | EY71: 77.924 | EZ71: 63.895 | FA71: 47.465 | FB71: 3.637 | FC71: 5,140 | FD71: 2.493 | FE71: 2,459 | FF71: 3.765 | FG71: 8.843 | FH71: 2.275 | FI71: 3.536 | FJ71: 94.255 | FK71: 98.235 | FL71: 94.959 | FM71: 95.972 | FN71: 97.429 | FO71: 98.162 | FP71: 97.805 | FQ71: 96.69 | FR71: 7.064 | FS71: 4.283 | FT71: 5.412 | FU71: 8.739 | FV71: 12.46 | FW71: 7.588 | FX71: 6.86 | FY71: 6.352 | FZ71: 0.741 | GA71: 1.098 | GB71: 0.869 | GC71: 0.825 | GD71: 0.603 | GE71: 0.36 | GF71: 0.629 | GG71: 0.602 | GH71: 1.067 | GI71: 2.892 | GJ71: 1.155 | GK71: 0.69 | GL71: 10.997 | GM71: 2.119 | GN71: 6.696 | GO71: 1.413 | GP71: 3.379 | GQ71: 10.997 | GR71: 1.071 | GS71: 0.597 | GT71: 3.917 | GU71: 0.673 | GV71: 1.976 | VF71: 1.17 | VG71: 2.13 | VH71: 1.27 | VI71: 1.15 | VJ71: 1.01 | VK71: 1.23 | VL71: 3.36 | VM71: 2.41 | VN71: 2.23
A72: GLIM | RT72: 0.099 | RU72: 0.064 | RV72: 0.133 | RW72: 0.118 | RX72: 0.299 | RY72: 0.04 | RZ72: 0.389 | SA72: 0.228 | SB72: 0.056 | SC72: 0.017 | SD72: 0.146 | SE72: 0.07 | SF72: 0.059 | SG72: 0.043 | SH72: 0.046 | SI72: 0.269 | SJ72: 0.056 | SK72: 0.082 | SL72: 0.119 | SM72: 0.048 | SN72: 0.154 | SO72: 0.17 | SP72: 0.164 | SQ72: 0.096 | SR72: 0.095 | SS72: 0.107 | ST72: 0.123 | SU72: 0.243 | SV72: 0.135 | SW72: 0.032 | SX72: 0.026 | SY72: 0.03 | SZ72: 0.031 | TA72: 0.028 | TB72: 0.026 | TC72: 0.037 | TD72: 0.025 | TE72: 0.033 | TF72: 0.025 | TG72: 0.018 | TH72: 0.023 | TI72: 0.025 | TJ72: 0.027 | TK72: 0.025 | TL72: 0.031 | TM72: 0.024 | TN72: 0.027
A73: PTAM | GH73: 13,914 | GI73: 18.334 | GJ73: 3.087 | GK73: 1.667 | GL73: 12.059 | GM73: 18.743 | GN73: 2.415 | GO73: 1.037 | GP73: 8.907 | GQ73: 18.743 | GR73: 4.73 | GS73: 4.971 | GT73: 5.475 | GU73: 7.455 | GV73: 16.033 | GW73: 1.032 | GX73: 0.366 | GY73: 0.651
A74: LSD-SLAM | GH74: 1.615 | GI74: 25.578 | GJ74: 4,980 | GK74: 0.81 | GL74: 6.404 | GM74: 12.934 | GN74: 5.655 | GO74: 1.624 | GP74: 7.45 | GQ74: 25.578 | GR74: 1.911 | GS74: 1.09 | GT74: 1.387 | GU74: 0.897 | GV74: 0.727 | GW74: 1.082 | GX74: 5.413 | GY74: 1.834 | MZ74: 6.32 | NA74: - | NB74: 17.9 | NC74: 11.76 | ND74: - | NE74: 101 | NF74: - | NG74: 89.92 | NH74: - | NI74: 722 | NJ74: -
A75: DVO-SLAM | IK75: 0.021 | IL75: 0.016 | IM75: 0.047 | IN75: 0.018 | IO75: 0.035 | IP75: 0.018 | IQ75: 0.189 | IR75: 0.082 | IS75: 0.128 | IT75: 0.104 | IU75: 0.029 | IV75: 0.191 | IW75: 0.152 | IX75: 0.036 | IY75: 0.023 | IZ75: 0.165 | JA75: 0.019 | JB75: 0.685 | JC75: 0.038 | JD75: 0.973 | JE75: 0.638 | JF75: 0.664 | JG75: 0.25 | JH75: 1.628 | JI75: 0.05 | JJ75: 5,677 | JK75: 1.113 | JL75: 0.894 | JM75: 1.189
A76: ElasticFusion* | IK76: 0.025 | IL76: 0.245 | IM76: 0.226 | IN76: 0.011 | IO76: 0.017 | IP76: 0.016 | IQ76: 0.627 | IR76: 0.75 | IS76: 1.157 | IT76: 0.009 | IU76: 0.009 | IV76: 0.014 | IW76: 0.106 | IX76: 0.734 | IY76: 0.246 | IZ76: 0.017 | JA76: 0.581
A77: RGBDSLAMv2 | IK77: 0.026 | IL77: 0.029 | IM77: 0.084 | IN77: 0.008 | IO77: 0.032 | IP77: 0.017 | IQ77: 0.408 | IR77: 0.134 | IS77: 0.25 | IT77: 0.026 | IU77: 0.008 | IV77: 0.018 | IW77: 0.433 | JB77: 0.323 | JC77: 0.038 | JD77: 0.57 | JE77: 0.283 | JF77: 0.269 | JG77: 0.156 | JH77: 1.37 | JI77: 0.059 | JJ77: 2.307 | JK77: 1.259 | JL77: 1.242 | JM77: 0.54
A78: BundleFusion | IK78: 0.016 | IL78: 0.124 | IM78: 0.136 | IN78: 0.011 | IO78: 0.022 | IP78: 0.012 | IQ78: 0.43 | IR78: 0.706 | IS78: 0.823 | IT78: 0.006 | IU78: 0.004 | IV78: 0.006 | IW78: 0.011 | IX78: 0.045 | IY78: 0.083 | IZ78: - | JA78: 0.038
A79: BAD-SLAM* | IK79: 0.017 | IL79: 0.035 | IM79: 0.112 | IN79: 0.011 | IO79: 0.017 | IP79: 0.019 | IX79: 0.003 | IY79: 0.004 | IZ79: 0.003 | JA79: 0.002
A80: RGBDTAM | IK80: 0.027 | IL80: - | IM80: 0.155 | IN80: 0.004 | IO80: 0.027 | IP80: 0.016
A81: ID-RGBDO | IK81: 0.051 | IL81: 0.02 | IM81: - | IN81: 0.007 | IO81: 0.038 | IP81: 0.018
A82: Plane-Edge-SLAM | IK82: 0.02 | IL82: 0.009 | IM82: - | IN82: 0.008 | IO82: 0.015 | IP82: 0.015
A83: KinectFusion | IT83: 0.119 | IU83: 0.012 | IV83: 0.167 | IW83: 0.21
A84: RGB-DOdometry | JB84: 0.458 | JC84: 0.036 | JD84: 0.686 | JE84: 0.415 | JF84: 0.446 | JG84: 0.194 | JH84: 1.335 | JI84: 0.066 | JJ84: 3.849 | JK84: 1.046 | JL84: 0.899 | JM84: 0.831
A85: DVO | JB85: 0.373 | JC85: 0.025 | JD85: 0.579 | JE85: 0.336 | JF85: 0.358 | JG85: 0.163 | JH85: 1.286 | JI85: 0.038 | JJ85: 1.993 | JK85: 1.175 | JL85: 1.273 | JM85: 0.524
A86: Fovis | JB86: 0.379 | JC86: 0.04 | JD86: 0.633 | JE86: 0.331 | JF86: 0.336 | JG86: 0.185 | JH86: 3.719 | JI86: 0.068 | JJ86: 12.535 | JK86: 1.955 | JL86: 0.662 | JM86: 3.164
A87: ICPOdometry | JB87: 1.208 | JC87: 0.071 | JD87: 1.801 | JE87: 1.114 | JF87: 1.127 | JG87: 0.468 | JH87: 2.447 | JI87: 0.074 | JJ87: 5.733 | JK87: 2.023 | JL87: 2.044 | JM87: 1.376
A88: RGB-DICPOdometry | JB88: 0.358 | JC88: 0.029 | JD88: 0.558 | JE88: 0.326 | JF88: 0.344 | JG88: 0.149 | JH88: 0.952 | JI88: 0.044 | JJ88: 1.996 | JK88: 0.817 | JL88: 0.787 | JM88: 0.487
A89: CCNY | JB89: 0.246 | JC89: 0.072 | JD89: 0.491 | JE89: 0.208 | JF89: 0.173 | JG89: 0.131 | JH89: 1.394 | JI89: 0.116 | JJ89: 2.808 | JK89: 1.257 | JL89: 1.256 | JM89: 0.602
A90: LiLi-OM | ABU90: - | ABV90: - | ABW90: 63.18 | ABX90: 82.07 | ABY90: 102.32 | ABZ90: 48.01 | ACA90: 9.99 | ACB90: 10.34 | ACC90: - | ACD90: - | ACE90: - | ACF90: 2.26 | ACG90: 1.2 | ACH90: 6.72 | ACI90: 1.32 | ACJ90: 1.88 | ACK90: 1.41 | ACL90: - | ACM90: 8.61 | ACN90: 6.45 | ACO90: 1.59 | ACP90: 1.2 | ACQ90: 1.08 | ACR90: 3.24 | ACS90: 0.34 | ACT90: 0.1 | ACU90: 0.1
A91: StaticMapping | JN91: 1.55 | JO91: 0.97 | JP91: 1.03 | JQ91: 1.07 | JR91: 0.46 | JS91: 1.85 | JT91: 0.77 | JU91: 0.29 | JV91: 1.04 | JW91: 0.7 | JX91: 0.79 | JY91: 0.42 | JZ91: 0.4 | KA91: 0.45 | KB91: 0.17 | KC91: 2.64 | KD91: 1.23 | KE91: 0.98 | KF91: 1.51 | KG91: 0.88
A92: Gmapping | KH92: 0.017 | KI92: 0.016 | KJ92: 0.005 | KK92: 0.024 | KL92: 0.018 | KM92: 0.015 | KN92: 0.055 | KO92: 0.049 | KP92: 0.024 | KQ92: 2.083 | KR92: 2.252 | KS92: 1.272 | KT92: 0.114 | KU92: 0.087 | KV92: 0.074 | KW92: 4.408 | KX92: 3.341 | KY92: 2.862
A93: Hector-SLAM | KH93: 0.015 | KI93: 0.014 | KJ93: 0.006 | KK93: 0.024 | KL93: 0.018 | KM93: 0.015 | KN93: 0.054 | KO93: 0.049 | KP93: 0.023 | KQ93: 2.563 | KR93: 2.242 | KS93: 1.22 | KT93: 0.093 | KU93: 0.067 | KV93: 0.065 | KW93: 3.396 | KX93: 2.359 | KY93: 2.441
A94: SLAM-PCD | KZ94: 0.0241 | LA94: 0.0122 | LB94: 0.0453 | LC94: 0.0316 | LD94: 0.0077 | LE94: 0.0039 | LF94: 0.0157 | LG94: 0.0084 | LH94: 0.008 | LI94: 0.0037 | LJ94: 0.0274 | LK94: 0.014 | LL94: 0.0616 | LM94: 0.0357 | LN94: 0.0102 | LO94: 0.0049 | LP94: 0.0204 | LQ94: 0.0107 | LR94: 0.0087 | LS94: 0.0038 | LT94: 0.744 | LU94: 0.3459 | LV94: 1.3831 | LW94: 0.8318 | LX94: 0.2631 | LY94: 0.1119 | LZ94: 0.6227 | MA94: 0.3807 | MB94: 0.2782 | MC94: 0.121
A95: DM-SLAM | KZ95: 0.0274 | LA95: 0.0137 | LB95: 0.0328 | LC95: 0.0194 | LD95: 0.0079 | LE95: 0.004 | LF95: 0.0148 | LG95: 0.0072 | LH95: 0.0063 | LI95: 0.0032
A96: Detect-SLAM | KZ96: 0.0514 | LA96: - | LB96: 0.2959 | LC96: - | LD96: - | LE96: - | LF96: 0.0241 | LG96: - | LH96: - | LI96: -
A97: RDS-SLAM, Mask R-CNN (Keyframe) | KZ97: 0.0306 | LA97: 0.0171 | LB97: 0.0587 | LC97: 0.038 | LD97: 0.072 | LE97: 0.0343 | LF97: 0.024 | LG97: 0.0139 | LH97: 0.0084 | LI97: 0.0043 | LJ97: 0.0332 | LK97: 0.0208 | LL97: 0.07 | LM97: 0.0488 | LN97: 0.0529 | LO97: 0.0444 | LP97: 0.0299 | LQ97: 0.4943 | LR97: 0.0097 | LS97: 0.0052 | LT97: 0.8194 | LU97: 0.4858 | LV97: 1.4736 | LW97: 1.0262 | LX97: 1.4966 | LY97: 1.2839 | LZ97: 0.7739 | MA97: 0.4943 | MB97: 0.3217 | MC97: 0.1522
A98: RDS-SLAM, Mask R-CNN | KZ98: 0.0259 | LA98: 0.0141 | LB98: 0.1468 | LC98: 0.1051 | LD98: 0.0815 | LE98: 0.0224 | LF98: 0.0213 | LG98: 0.0127 | LH98: 0.0088 | LI98: 0.0043 | LJ98: 0.0282 | LK98: 0.0155 | LL98: 0.1114 | LM98: 0.092 | LN98: 0.0419 | LO98: 0.0348 | LP98: 0.0281 | LQ98: 0.0167 | LR98: 0.0107 | LS98: 0.005 | LT98: 0.8216 | LU98: 0.4347 | LV98: 9.3192 | LW98: 8.572 | LX98: 1.1686 | LY98: 0.9917 | LZ98: 0.7236 | MA98: 0.4435 | MB98: 0.3091 | MC98: 0.1325
A99: RDS-SLAM, SegNet (Keyframe) | KZ99: 0.0291 | LA99: 0.0143 | LB99: 0.0128 | LC99: 0.0081 | LD99: 0.0215 | LE99: 0.0104 | LF99: 0.0565 | LG99: 0.0184 | LH99: 0.0039 | LI99: 0.0017 | LJ99: 0.0274 | LK99: 0.014 | LL99: 0.0245 | LM99: 0.0122 | LN99: 0.0221 | LO99: 0.0149 | LP99: 0.0269 | LQ99: 0.0163 | LR99: 0.005 | LS99: 0.0026 | LT99: 0.7332 | LU99: 0.3712 | LV99: 0.4973 | LW99: 0.2586 | LX99: 0.4944 | LY99: 0.3112 | LZ99: 0.7768 | MA99: 0.4886 | MB99: 0.152 | MC99: 0.0821
A100: RDS-SLAM, SegNet | KZ100: 0.0807 | LA100: 0.0454 | LB100: 0.1604 | LC100: 0.0873 | LD100: 0.0206 | LE100: 0.012 | LF100: 0.0571 | LG100: 0.0229 | LH100: 0.0084 | LI100: 0.0043 | LJ100: 0.0482 | LK100: 0.036 | LL100: 0.132 | LM100: 0.1067 | LN100: 0.0221 | LO100: 0.0149 | LP100: 0.0426 | LQ100: 0.0317 | LR100: 0.0123 | LS100: 0.007 | LT100: 1.8828 | LU100: 1.525 | LV100: 13.1693 | LW100: 12.0103 | LX100: 0.4944 | LY100: 0.3112 | LZ100: 0.9222 | MA100: 0.6509 | MB100: 0.3338 | MC100: 0.1706
A101: A-LOAM | MD101: 3.44 | ME101: 18.94 | MF101: 117.86 | MG101: 0.81 | MH101: 0.38 | MI101: 1.46 | MJ101: 1.12 | MK101: 0.62 | ML101: 4.03 | MM101: 1.5 | MN101: 1.48 | MO101: 3.96 | MP101: 4.29 | MQ101: 3.26 | MR101: 2.89 | MS101: 1.69 | MT101: 3.79 | MU101: 3.75 | MV101: 4 | MW101: 3.47 | MX101: 2.96 | MY101: 3.11 | NK101: 1.532 | NL101: 0.963 | NM101: 1.467 | NN101: 1.054 | NO101: 0.938 | NP101: 1.044 | NQ101: 0.459 | NR101: 2.467 | NS101: 2.741 | NT101: 1.195 | NU101: 10 | NV101: 10 | NW101: 10 | NX101: 0.2906 | NY101: 0.0732 | NZ101: 0.458 | OA101: 0.471 | OB101: 0.113 | OC101: 0.449 | OD101: 0.46 | OE101: 0.103 | OF101: 0.242 | OG101: 0.254 | OH101: 0.078 | AAL101: 3.30768 | AAM101: 62.6424 | AAN101: 0.14824 | AAO101: 10.3723 | AAP101: 8.40002 | AAQ101: 2.43283 | AAR101: 2.07094 | AAS101: 3.16574 | AAT101: 2.42352 | AAU101: 17.3492 | AAV101: 9.67 | AAW101: 17.3521 | AAX101: 2.26457 | AAY101: 0.03032 | AAZ101: 0.02244 | ABA101: 0.02517 | ABB101: 0.71797 | ABC101: 0.04555 | ABD101: 3.73529 | ABE101: 2.62554 | ABF101: 0.14406 | ABG101: 4.504 | ABH101: 7.535 | ABI101: 12.995 | ABJ101: 1.913 | ABK101: 6.446 | ADB101: 4.33 | ADC101: 1.38 | ADD101: 1.19 | ADE101: 0.6 | ADF101: 2.58 | ADG101: 2.11 | ADH101: 0.44 | ADI101: 0.99 | ADJ101: 18.61 | ADK101: 10.01 | ADL101: 6.01 | ADM101: 6.11
A102: ISC-LOAM | MD102: 5 | ME102: 18.97 | MF102: 8.39 | MG102: 0.91 | MH102: 0.32 | MI102: 2.86 | MJ102: 1.11 | MK102: 0.69 | ML102: 4.11 | MM102: 1.81 | MN102: 1.58 | MO102: 3.94 | MP102: 4.31 | MQ102: 3.26 | MR102: 2.89 | MS102: 1.65 | MT102: 3.75 | MU102: 3.72 | MV102: 3.89 | MW102: 3.49 | MX102: 2.93 | MY102: 3.1
...

Sheet Score
B5: Score attribution criteria | D5: Points for lowest error: | I5: 0.7 | J5: ScLE
D6: Points for error close to lowest: | I6: 0.2 | J6: ScNearLE
D7: Points for quantity of algorithms it was compared against: | I7: 0 | J7: ScCA
B9: Exclusion criteria | D9: Minimum number of entries: | I9: 10 | J9: MinEntry
D10: Minimum number of algorithms it was compared against: | I10: 6 | J10: MinCA
A12: Algorithm name: | B12: Number of algorithm entries in "Data" | C12: Number of algorithms it was compared against | D12: Lowest error | E12: Error close to lowest | F12: Final score | G12: Final score (normaized) | I12: Place in ranking | J12: Place in ranking (w/o ties) | K12: Top 3 | P12: High to low scoring algorithms: | R12: Score | S12: Year | T12: ='Algorithm Details'!B5 -> ROS | U12: ='Algorithm Details'!C5 -> FOSS | V12: ='Algorithm Details'!D5 -> Visual-LiDAR Fusion type | W12: ='Algorithm Details'!E5 -> LiDAR | X12: ='Algorithm Details'!F5 -> Visual | Y12: ='Algorithm Details'!G5 -> IMU | Z12: ='Algorithm Details'!H5 -> GPS | AA12: ='Algorithm Details'!I5 -> Additional Odometry sources | ... AT12: ='Algorithm Details'!AB5 -> Paper (DOI) | AX12: Algorithm name: | AY12: Number of Entries: | AZ12: Number of algorithms it was compared against | BA12: Lowest error | BB12: Error close to lowest | BC12: Final score | BD12: Final score (normaized)
K13: =LARGE($G$14:$G$118,1) -> 0.50816327 | L13: {=IFERROR(INDEX($A$14:$A$114, MATCH(1,($G$14:$G$114=LARGE($G$14:$G$114,1))*(COUNTIF(J13, $A$14:$A$114)=0),0)), "")} -> CT-ICP
A14: =Data!A25 -> ORB-SLAM | B14: ='(old)OtherMetrics'!B25 -> 11 | C14: =AuxiliaryTable!EV15 -> 3 | D14: ='(old)OtherMetrics'!C25 -> 5 | E14: ='(old)OtherMetrics'!D25 -> 0 | F14: =IF(AND(B14>=($I$9),C14>=$I$10),D14*$I$5+E14*$I$6+C14*$I$7,0) -> 0 | G14: =F14/B14 -> 0 | I14: =RANK(G14, $G$14:$G$155, 0) -> 76 | J14: =RANK(G14, $G$14:$G$155, 0)+COUNTIF($I14:I155,I14)-1 -> 142 | L14: {=IFERROR(INDEX($A$14:$A$118, MATCH(1,($G$14:$G$118=LARGE($G$14:$G$118,1))*(COUNTIF(L13, $A$14:$A$118)=0),0)), "")} | P14: =INDEX($A$14:$A$155, MATCH(ROW(A1), $J$14:$J$155, 0)) -> CT-ICP | Q14: 1 | R14: =INDEX($G$14:$G$155, MATCH(ROW(A1), $J$14:$J$155, 0)) -> 0.50816327 | S14: =IFERROR(INDEX('Algorithm Details'!$Y$6:$Y$65, MATCH(P14, 'Algorithm Details'!$A$6:$A$65, 0)), "") -> 44772 | T14: =IFERROR(IF(INDEX('Algorithm Details'!B$6:B$65, MATCH($P14, 'Algorithm Details'!$A$6:$A$65, 0)) = "", "", INDEX('Algorithm Details'!B$6:B$65, MATCH($P14, 'Algorithm Details'!$A$6:$A$65, 0))), "") -> ROS1 | U14: =IFERROR(IF(INDEX('Algorithm Details'!C$6:C$65, MATCH($P14, 'Algorithm Details'!$A$6:$A$65, 0)) = "", "", INDEX('Algorithm Details'!C$6:C$65, MATCH($P14, 'Algorithm Details'!$A$6:$A$65, 0))), "") -> MIT | V14: =IFERROR(IF(INDEX('Algorithm Details'!D$6:D$65, MATCH($P14, 'Algorithm Details'!$A$6:$A$65, 0)) = "", "", INDEX('Algorithm Details'!D$6:D$65, MATCH($P14, 'Algorithm Details'!$A$6:$A$65, 0))), "") -> - | W14: =IFERROR(IF(INDEX('Algorithm Details'!E$6:E$65, MATCH($P14, 'Algorithm Details'!$A$6:$A$65, 0)) = "", "", INDEX('Algorithm Details'!E$6:E$65, MATCH($P14, 'Algorithm Details'!$A$6:$A$65, 0))), "") -> R | X14: =IFERROR(IF(INDEX('Algorithm Details'!F$6:F$65, MATCH($P14, 'Algorithm Details'!$A$6:$A$65, 0)) = "", "", INDEX('Algorithm Details'!F$6:F$65, MATCH($P14, 'Algorithm Details'!$A$6:$A$65, 0))), "") -> - | Y14: =IFERROR(IF(INDEX('Algorithm Details'!G$6:G$65, MATCH($P14, 'Algorithm Details'!$A$6:$A$65, 0)) = "", "", INDEX('Algorithm Details'!G$6:G$65, MATCH($P14, 'Algorithm Details'!$A$6:$A$65, 0))), "") -> - | Z14: =IFERROR(IF(INDEX('Algorithm Details'!H$6:H$65, MATCH($P14, 'Algorithm Details'!$A$6:$A$65, 0)) = "", "", INDEX('Algorithm Details'!H$6:H$65, MATCH($P14, 'Algorithm Details'!$A$6:$A$65, 0))), "") -> - | AA14: =IFERROR(IF(INDEX('Algorithm Details'!I$6:I$65, MATCH($P14, 'Algorithm Details'!$A$6:$A$65, 0)) = "", "", INDEX('Algorithm Details'!I$6:I$65, MATCH($P14, 'Algorithm Details'!$A$6:$A$65, 0))), "") -> - | ... AT14: =IFERROR(IF(INDEX('Algorithm Details'!AB$6:AB$65, MATCH($P14, 'Algorithm Details'!$A$6:$A$65, 0)) = "", "", INDEX('Algorithm Details'!AB$6:AB$65, MATCH($P14, 'Algorithm Details'!$A$6:$A$65, 0))), "") -> 10.1109/ICRA46639.2022.9811849 | AX14: =INDEX(A$14:A$155, MATCH(ROW(A1), $J$14:$J$155, 0)) -> CT-ICP | AY14: =INDEX(B$14:B$155, MATCH(ROW(B1), $J$14:$J$155, 0)) -> 49 | AZ14: =INDEX(C$14:C$155, MATCH(ROW(C1), $J$14:$J$155, 0)) -> 9 | BA14: =INDEX(D$14:D$155, MATCH(ROW(D1), $J$14:$J$155, 0)) -> 33 | BB14: =INDEX(E$14:E$155, MATCH(ROW(E1), $J$14:$J$155, 0)) -> 9 | BC14: =INDEX(F$14:F$155, MATCH(ROW(F1), $J$14:$J$155, 0)) -> 24.9 | BD14: =INDEX(G$14:G$155, MATCH(ROW(G1), $J$14:$J$155, 0)) -> 0.50816327
A15: =Data!A26 -> ORB-SLAM2 | B15: ='(old)OtherMetrics'!B26 -> 191 | C15: =AuxiliaryTable!EV16 -> 49 | D15: ='(old)OtherMetrics'!C26 -> 71 | E15: ='(old)OtherMetrics'!D26 -> 37 | F15: =IF(AND(B15>=($I$9),C15>=$I$10),D15*$I$5+E15*$I$6+C15*$I$7,0) -> 57.1 | G15: =F15/B15 -> 0.29895288 | I15: =RANK(G15, $G$14:$G$155, 0) -> 11 | J15: =RANK(G15, $G$14:$G$155, 0)+COUNTIF($I15:I156,I15)-1 -> 11 | L15: {=IFERROR(INDEX($A$14:$A$118, MATCH(1,($G$14:$G$118=LARGE($G$14:$G$118,1))*(COUNTIF(L13:L14, $A$14:$A$118)=0),0)), "")} | P15: =INDEX($A$14:$A$155, MATCH(ROW(A2), $J$14:$J$155, 0)) -> OVD-SLAM | Q15: 2 | R15: =INDEX($G$14:$G$155, MATCH(ROW(A2), $J$14:$J$155, 0)) -> 0.50294118 | S15: =IFERROR(INDEX('Algorithm Details'!$Y$6:$Y$65, MATCH(P15, 'Algorithm Details'!$A$6:$A$65, 0)), "") -> 45393 | T15: =IFERROR(IF(INDEX('Algorithm Details'!B$6:B$65, MATCH($P15, 'Algorithm Details'!$A$6:$A$65, 0)) = "", "", INDEX('Algorithm Details'!B$6:B$65, MATCH($P15, 'Algorithm Details'!$A$6:$A$65, 0))), "") -> ROS1 (Melodic) | U15: =IFERROR(IF(INDEX('Algorithm Details'!C$6:C$65, MATCH($P15, 'Algorithm Details'!$A$6:$A$65, 0)) = "", "", INDEX('Algorithm Details'!C$6:C$65, MATCH($P15, 'Algorithm Details'!$A$6:$A$65, 0))), "") -> Same as ORB-SLAM3 | V15: =IFERROR(IF(INDEX('Algorithm Details'!D$6:D$65, MATCH($P15, 'Algorithm Details'!$A$6:$A$65, 0)) = "", "", INDEX('Algorithm Details'!D$6:D$65, MATCH($P15, 'Algorithm Details'!$A$6:$A$65, 0))), "") -> - | W15: =IFERROR(IF(INDEX('Algorithm Details'!E$6:E$65, MATCH($P15, 'Algorithm Details'!$A$6:$A$65, 0)) = "", "", INDEX('Algorithm Details'!E$6:E$65, MATCH($P15, 'Algorithm Details'!$A$6:$A$65, 0))), "") -> - | X15: =IFERROR(IF(INDEX('Algorithm Details'!F$6:F$65, MATCH($P15, 'Algorithm Details'!$A$6:$A$65, 0)) = "", "", INDEX('Algorithm Details'!F$6:F$65, MATCH($P15, 'Algorithm Details'!$A$6:$A$65, 0))), "") -> R | Y15: =IFERROR(IF(INDEX('Algorithm Details'!G$6:G$65, MATCH($P15, 'Algorithm Details'!$A$6:$A$65, 0)) = "", "", INDEX('Algorithm Details'!G$6:G$65, MATCH($P15, 'Algorithm Details'!$A$6:$A$65, 0))), "") -> - | Z15: =IFERROR(IF(INDEX('Algorithm Details'!H$6:H$65, MATCH($P15, 'Algorithm Details'!$A$6:$A$65, 0)) = "", "", INDEX('Algorithm Details'!H$6:H$65, MATCH($P15, 'Algorithm Details'!$A$6:$A$65, 0))), "") -> - | AA15: =IFERROR(IF(INDEX('Algorithm Details'!I$6:I$65, MATCH($P15, 'Algorithm Details'!$A$6:$A$65, 0)) = "", "", INDEX('Algorithm Details'!I$6:I$65, MATCH($P15, 'Algorithm Details'!$A$6:$A$65, 0))), "") -> - | ... AT15: =IFERROR(IF(INDEX('Algorithm Details'!AB$6:AB$65, MATCH($P15, 'Algorithm Details'!$A$6:$A$65, 0)) = "", "", INDEX('Algorithm Details'!AB$6:AB$65, MATCH($P15, 'Algorithm Details'!$A$6:$A$65, 0))), "") -> 10.1109/JSEN.2023.3270534 | AX15: =INDEX(A$14:A$155, MATCH(ROW(A2), $J$14:$J$155, 0)) -> OVD-SLAM | AY15: =INDEX(B$14:B$155, MATCH(ROW(B2), $J$14:$J$155, 0)) -> 68 | AZ15: =INDEX(C$14:C$155, MATCH(ROW(C2), $J$14:$J$155, 0)) -> 8 | BA15: =INDEX(D$14:D$155, MATCH(ROW(D2), $J$14:$J$155, 0)) -> 42 | BB15: =INDEX(E$14:E$155, MATCH(ROW(E2), $J$14:$J$155, 0)) -> 24 | BC15: =INDEX(F$14:F$155, MATCH(ROW(F2), $J$14:$J$155, 0)) -> 34.2 | BD15: =INDEX(G$14:G$155, MATCH(ROW(G2), $J$14:$J$155, 0)) -> 0.50294118
A16: =Data!A27 -> MapLab | B16: ='(old)OtherMetrics'!B27 -> 29 | C16: =AuxiliaryTable!EV17 -> 18 | D16: ='(old)OtherMetrics'!C27 -> 0 | E16: ='(old)OtherMetrics'!D27 -> 0 | F16: =IF(AND(B16>=($I$9),C16>=$I$10),D16*$I$5+E16*$I$6+C16*$I$7,0) -> 0 | G16: =F16/B16 -> 0 | I16: =RANK(G16, $G$14:$G$155, 0) -> 76 | J16: =RANK(G16, $G$14:$G$155, 0)+COUNTIF($I16:I157,I16)-1 -> 141 | K16: =LARGE($G$14:$G$118,2) -> 0.50294118 | L16: {=IFERROR(INDEX($A$14:$A$156, MATCH(1,($G$14:$G$156=LARGE($G$14:$G$156,2))*(COUNTIF($L$11:L11, $A$14:$A$156)=0),0)), "")} -> OVD-SLAM | P16: =INDEX($A$14:$A$155, MATCH(ROW(A3), $J$14:$J$155, 0)) -> GLIM | Q16: 3 | R16: =INDEX($G$14:$G$155, MATCH(ROW(A3), $J$14:$J$155, 0)) -> 0.48723404 | S16: =IFERROR(INDEX('Algorithm Details'!$Y$6:$Y$65, MATCH(P16, 'Algorithm Details'!$A$6:$A$65, 0)), "") -> 45557 | T16: =IFERROR(IF(INDEX('Algorithm Details'!B$6:B$65, MATCH($P16, 'Algorithm Details'!$A$6:$A$65, 0)) = "", "", INDEX('Algorithm Details'!B$6:B$65, MATCH($P16, 'Algorithm Details'!$A$6:$A$65, 0))), "") -> ROS1, ROS2 | U16: =IFERROR(IF(INDEX('Algorithm Details'!C$6:C$65, MATCH($P16, 'Algorithm Details'!$A$6:$A$65, 0)) = "", "", INDEX('Algorithm Details'!C$6:C$65, MATCH($P16, 'Algorithm Details'!$A$6:$A$65, 0))), "") -> RA: GPL v3 C: undisclosed | V16: =IFERROR(IF(INDEX('Algorithm Details'!D$6:D$65, MATCH($P16, 'Algorithm Details'!$A$6:$A$65, 0)) = "", "", INDEX('Algorithm Details'!D$6:D$65, MATCH($P16, 'Algorithm Details'!$A$6:$A$65, 0))), "") -> - | W16: =IFERROR(IF(INDEX('Algorithm Details'!E$6:E$65, MATCH($P16, 'Algorithm Details'!$A$6:$A$65, 0)) = "", "", INDEX('Algorithm Details'!E$6:E$65, MATCH($P16, 'Algorithm Details'!$A$6:$A$65, 0))), "") -> R | X16: =IFERROR(IF(INDEX('Algorithm Details'!F$6:F$65, MATCH($P16, 'Algorithm Details'!$A$6:$A$65, 0)) = "", "", INDEX('Algorithm Details'!F$6:F$65, MATCH($P16, 'Algorithm Details'!$A$6:$A$65, 0))), "") -> O | Y16: =IFERROR(IF(INDEX('Algorithm Details'!G$6:G$65, MATCH($P16, 'Algorithm Details'!$A$6:$A$65, 0)) = "", "", INDEX('Algorithm Details'!G$6:G$65, MATCH($P16, 'Algorithm Details'!$A$6:$A$65, 0))), "") -> R | Z16: =IFERROR(IF(INDEX('Algorithm Details'!H$6:H$65, MATCH($P16, 'Algorithm Details'!$A$6:$A$65, 0)) = "", "", INDEX('Algorithm Details'!H$6:H$65, MATCH($P16, 'Algorithm Details'!$A$6:$A$65, 0))), "") -> O* | AA16: =IFERROR(IF(INDEX('Algorithm Details'!I$6:I$65, MATCH($P16, 'Algorithm Details'!$A$6:$A$65, 0)) = "", "", INDEX('Algorithm Details'!I$6:I$65, MATCH($P16, 'Algorithm Details'!$A$6:$A$65, 0))), "") -> - | ... AT16: =IFERROR(IF(INDEX('Algorithm Details'!AB$6:AB$65, MATCH($P16, 'Algorithm Details'!$A$6:$A$65, 0)) = "", "", INDEX('Algorithm Details'!AB$6:AB$65, MATCH($P16, 'Algorithm Details'!$A$6:$A$65, 0))), "") -> doi.org/10.1016/j.robot.2024.104750 | AX16: =INDEX(A$14:A$155, MATCH(ROW(A3), $J$14:$J$155, 0)) -> GLIM | AY16: =INDEX(B$14:B$155, MATCH(ROW(B3), $J$14:$J$155, 0)) -> 47 | AZ16: =INDEX(C$14:C$155, MATCH(ROW(C3), $J$14:$J$155, 0)) -> 14 | BA16: =INDEX(D$14:D$155, MATCH(ROW(D3), $J$14:$J$155, 0)) -> 29 | BB16: =INDEX(E$14:E$155, MATCH(ROW(E3), $J$14:$J$155, 0)) -> 13 | BC16: =INDEX(F$14:F$155, MATCH(ROW(F3), $J$14:$J$155, 0)) -> 22.9 | BD16: =INDEX(G$14:G$155, MATCH(ROW(G3), $J$14:$J$155, 0)) -> 0.48723404
A17: =Data!A28 -> LDSO | B17: ='(old)OtherMetrics'!B28 -> 61 | C17: =AuxiliaryTable!EV18 -> 11 | D17: ='(old)OtherMetrics'!C28 -> 10 | E17: ='(old)OtherMetrics'!D28 -> 8 | F17: =IF(AND(B17>=($I$9),C17>=$I$10),D17*$I$5+E17*$I$6+C17*$I$7,0) -> 8.6 | G17: =F17/B17 -> 0.14098361 | I17: =RANK(G17, $G$14:$G$155, 0) -> 35 | J17: =RANK(G17, $G$14:$G$155, 0)+COUNTIF($I17:I158,I17)-1 -> 35 | L17: {=IFERROR(INDEX($A$14:$A$156, MATCH(1,($G$14:$G$156=LARGE($G$14:$G$156,2))*(COUNTIF($L$16:L16, $A$14:$A$156)=0),0)), "")} | P17: =INDEX($A$14:$A$155, MATCH(ROW(A4), $J$14:$J$155, 0)) -> SLICT | Q17: 4 | R17: =INDEX($G$14:$G$155, MATCH(ROW(A4), $J$14:$J$155, 0)) -> 0.476 | S17: =IFERROR(INDEX('Algorithm Details'!$Y$6:$Y$65, MATCH(P17, 'Algorithm Details'!$A$6:$A$65, 0)), "") -> 45526 | T17: =IFERROR(IF(INDEX('Algorithm Details'!B$6:B$65, MATCH($P17, 'Algorithm Details'!$A$6:$A$65, 0)) = "", "", INDEX('Algorithm Details'!B$6:B$65, MATCH($P17, 'Algorithm Details'!$A$6:$A$65, 0))), "") -> ROS1 (Noetic) | U17: =IFERROR(IF(INDEX('Algorithm Details'!C$6:C$65, MATCH($P17, 'Algorithm Details'!$A$6:$A$65, 0)) = "", "", INDEX('Algorithm Details'!C$6:C$65, MATCH($P17, 'Algorithm Details'!$A$6:$A$65, 0))), "") -> RA: GPL 2.0 C: GPL 2.0 | V17: =IFERROR(IF(INDEX('Algorithm Details'!D$6:D$65, MATCH($P17, 'Algorithm Details'!$A$6:$A$65, 0)) = "", "", INDEX('Algorithm Details'!D$6:D$65, MATCH($P17, 'Algorithm Details'!$A$6:$A$65, 0))), "") -> - | W17: =IFERROR(IF(INDEX('Algorithm Details'!E$6:E$65, MATCH($P17, 'Algorithm Details'!$A$6:$A$65, 0)) = "", "", INDEX('Algorithm Details'!E$6:E$65, MATCH($P17, 'Algorithm Details'!$A$6:$A$65, 0))), "") -> R | X17: =IFERROR(IF(INDEX('Algorithm Details'!F$6:F$65, MATCH($P17, 'Algorithm Details'!$A$6:$A$65, 0)) = "", "", INDEX('Algorithm Details'!F$6:F$65, MATCH($P17, 'Algorithm Details'!$A$6:$A$65, 0))), "") -> - | Y17: =IFERROR(IF(INDEX('Algorithm Details'!G$6:G$65, MATCH($P17, 'Algorithm Details'!$A$6:$A$65, 0)) = "", "", INDEX('Algorithm Details'!G$6:G$65, MATCH($P17, 'Algorithm Details'!$A$6:$A$65, 0))), "") -> R | Z17: =IFERROR(IF(INDEX('Algorithm Details'!H$6:H$65, MATCH($P17, 'Algorithm Details'!$A$6:$A$65, 0)) = "", "", INDEX('Algorithm Details'!H$6:H$65, MATCH($P17, 'Algorithm Details'!$A$6:$A$65, 0))), "") | AA17: =IFERROR(IF(INDEX('Algorithm Details'!I$6:I$65, MATCH($P17, 'Algorithm Details'!$A$6:$A$65, 0)) = "", "", INDEX('Algorithm Details'!I$6:I$65, MATCH($P17, 'Algorithm Details'!$A$6:$A$65, 0))), "") -> - | ... AT17: =IFERROR(IF(INDEX('Algorithm Details'!AB$6:AB$65, MATCH($P17, 'Algorithm Details'!$A$6:$A$65, 0)) = "", "", INDEX('Algorithm Details'!AB$6:AB$65, MATCH($P17, 'Algorithm Details'!$A$6:$A$65, 0))), "") -> 10.1109/LRA.2023.3246390 | AX17: =INDEX(A$14:A$155, MATCH(ROW(A4), $J$14:$J$155, 0)) -> SLICT | AY17: =INDEX(B$14:B$155, MATCH(ROW(B4), $J$14:$J$155, 0)) -> 25 | AZ17: =INDEX(C$14:C$155, MATCH(ROW(C4), $J$14:$J$155, 0)) -> 6 | BA17: =INDEX(D$14:D$155, MATCH(ROW(D4), $J$14:$J$155, 0)) -> 15 | BB17: =INDEX(E$14:E$155, MATCH(ROW(E4), $J$14:$J$155, 0)) -> 7 | BC17: =INDEX(F$14:F$155, MATCH(ROW(F4), $J$14:$J$155, 0)) -> 11.9 | BD17: =INDEX(G$14:G$155, MATCH(ROW(G4), $J$14:$J$155, 0)) -> 0.476
A18: =Data!A29 -> VINS-Mono | B18: ='(old)OtherMetrics'!B29 -> 144 | C18: =AuxiliaryTable!EV19 -> 18 | D18: ='(old)OtherMetrics'!C29 -> 44 | E18: ='(old)OtherMetrics'!D29 -> 16 | F18: =IF(AND(B18>=($I$9),C18>=$I$10),D18*$I$5+E18*$I$6+C18*$I$7,0) -> 34 | G18: =F18/B18 -> 0.23611111 | I18: =RANK(G18, $G$14:$G$155, 0) -> 22 | J18: =RANK(G18, $G$14:$G$155, 0)+COUNTIF($I18:I159,I18)-1 -> 22 | L18: {=IFERROR(INDEX($A$14:$A$156, MATCH(1,($G$14:$G$156=LARGE($G$14:$G$156,2))*(COUNTIF($L$16:L17, $A$14:$A$156)=0),0)), "")} | P18: =INDEX($A$14:$A$155, MATCH(ROW(A5), $J$14:$J$155, 0)) -> KISS-ICP | Q18: 5 | R18: =INDEX($G$14:$G$155, MATCH(ROW(A5), $J$14:$J$155, 0)) -> 0.45714286 | S18: =IFERROR(INDEX('Algorithm Details'!$Y$6:$Y$65, MATCH(P18, 'Algorithm Details'!$A$6:$A$65, 0)), "") -> 45545 | T18: =IFERROR(IF(INDEX('Algorithm Details'!B$6:B$65, MATCH($P18, 'Algorithm Details'!$A$6:$A$65, 0)) = "", "", INDEX('Algorithm Details'!B$6:B$65, MATCH($P18, 'Algorithm Details'!$A$6:$A$65, 0))), "") -> ROS1, ROS2 | U18: =IFERROR(IF(INDEX('Algorithm Details'!C$6:C$65, MATCH($P18, 'Algorithm Details'!$A$6:$A$65, 0)) = "", "", INDEX('Algorithm Details'!C$6:C$65, MATCH($P18, 'Algorithm Details'!$A$6:$A$65, 0))), "") -> MIT | V18: =IFERROR(IF(INDEX('Algorithm Details'!D$6:D$65, MATCH($P18, 'Algorithm Details'!$A$6:$A$65, 0)) = "", "", INDEX('Algorithm Details'!D$6:D$65, MATCH($P18, 'Algorithm Details'!$A$6:$A$65, 0))), "") -> - | W18: =IFERROR(IF(INDEX('Algorithm Details'!E$6:E$65, MATCH($P18, 'Algorithm Details'!$A$6:$A$65, 0)) = "", "", INDEX('Algorithm Details'!E$6:E$65, MATCH($P18, 'Algorithm Details'!$A$6:$A$65, 0))), "") -> R | X18: =IFERROR(IF(INDEX('Algorithm Details'!F$6:F$65, MATCH($P18, 'Algorithm Details'!$A$6:$A$65, 0)) = "", "", INDEX('Algorithm Details'!F$6:F$65, MATCH($P18, 'Algorithm Details'!$A$6:$A$65, 0))), "") -> - | Y18: =IFERROR(IF(INDEX('Algorithm Details'!G$6:G$65, MATCH($P18, 'Algorithm Details'!$A$6:$A$65, 0)) = "", "", INDEX('Algorithm Details'!G$6:G$65, MATCH($P18, 'Algorithm Details'!$A$6:$A$65, 0))), "") -> - | Z18: =IFERROR(IF(INDEX('Algorithm Details'!H$6:H$65, MATCH($P18, 'Algorithm Details'!$A$6:$A$65, 0)) = "", "", INDEX('Algorithm Details'!H$6:H$65, MATCH($P18, 'Algorithm Details'!$A$6:$A$65, 0))), "") -> - | AA18: =IFERROR(IF(INDEX('Algorithm Details'!I$6:I$65, MATCH($P18, 'Algorithm Details'!$A$6:$A$65, 0)) = "", "", INDEX('Algorithm Details'!I$6:I$65, MATCH($P18, 'Algorithm Details'!$A$6:$A$65, 0))), "") -> - | ... AT18: =IFERROR(IF(INDEX('Algorithm Details'!AB$6:AB$65, MATCH($P18, 'Algorithm Details'!$A$6:$A$65, 0)) = "", "", INDEX('Algorithm Details'!AB$6:AB$65, MATCH($P18, 'Algorithm Details'!$A$6:$A$65, 0))), "") -> 10.1109/LRA.2023.3236571 | AX18: =INDEX(A$14:A$155, MATCH(ROW(A5), $J$14:$J$155, 0)) -> KISS-ICP | AY18: =INDEX(B$14:B$155, MATCH(ROW(B5), $J$14:$J$155, 0)) -> 28 | AZ18: =INDEX(C$14:C$155, MATCH(ROW(C5), $J$14:$J$155, 0)) -> 8 | BA18: =INDEX(D$14:D$155, MATCH(ROW(D5), $J$14:$J$155, 0)) -> 18 | BB18: =INDEX(E$14:E$155, MATCH(ROW(E5), $J$14:$J$155, 0)) -> 1 | BC18: =INDEX(F$14:F$155, MATCH(ROW(F5), $J$14:$J$155, 0)) -> 12.8 | BD18: =INDEX(G$14:G$155, MATCH(ROW(G5), $J$14:$J$155, 0)) -> 0.45714286
